location;date;population;total_cases;new_cases;total_deaths;new_deaths;reproduction_rate;icu_patients;hosp_patients;weekly_icu_admissions;weekly_hosp_admissions
Indonesia;2020-03-02;27375319100;200;200;;;;;;;
Indonesia;2020-03-03;27375319100;200;0;;;;;;;
Indonesia;2020-03-04;27375319100;200;0;;;;;;;
Indonesia;2020-03-05;27375319100;200;0;;;;;;;
Indonesia;2020-03-06;27375319100;400;200;;;;;;;
Indonesia;2020-03-07;27375319100;400;0;;;;;;;
Indonesia;2020-03-08;27375319100;600;200;;;;;;;
Indonesia;2020-03-09;27375319100;1900;1300;;;;;;;
Indonesia;2020-03-10;27375319100;2700;800;;;;;;;
Indonesia;2020-03-11;27375319100;3400;700;100;100;;;;;
Indonesia;2020-03-12;27375319100;3400;0;100;0;;;;;
Indonesia;2020-03-13;27375319100;6900;3500;400;300;;;;;
Indonesia;2020-03-14;27375319100;9600;2700;500;100;;;;;
Indonesia;2020-03-15;27375319100;11700;2100;500;0;;;;;
Indonesia;2020-03-16;27375319100;13400;1700;500;0;2060;;;;
Indonesia;2020-03-17;27375319100;17200;3800;500;0;210;;;;
Indonesia;2020-03-18;27375319100;22700;5500;1900;1400;2140;;;;
Indonesia;2020-03-19;27375319100;31100;8400;2500;600;2140;;;;
Indonesia;2020-03-20;27375319100;36900;5800;3200;700;2060;;;;
Indonesia;2020-03-21;27375319100;45000;8100;3800;600;200;;;;
Indonesia;2020-03-22;27375319100;51400;6400;4800;1000;1920;;;;
Indonesia;2020-03-23;27375319100;57900;6500;4900;100;1880;;;;
Indonesia;2020-03-24;27375319100;68600;10700;5500;600;1840;;;;
Indonesia;2020-03-25;27375319100;79000;10400;5800;300;1780;;;;
Indonesia;2020-03-26;27375319100;89300;10300;7800;2000;1720;;;;
Indonesia;2020-03-27;27375319100;104600;15300;8700;900;170;;;;
Indonesia;2020-03-28;27375319100;115500;10900;10200;1500;1630;;;;
Indonesia;2020-03-29;27375319100;128500;13000;11400;1200;1590;;;;
Indonesia;2020-03-30;27375319100;141400;12900;12200;800;1540;;;;
Indonesia;2020-03-31;27375319100;152800;11400;13600;1400;1480;;;;
Indonesia;2020-04-01;27375319100;167700;14900;15700;2100;1460;;;;
Indonesia;2020-04-02;27375319100;179000;11300;17000;1300;1430;;;;
Indonesia;2020-04-03;27375319100;198600;19600;18100;1100;1460;;;;
Indonesia;2020-04-04;27375319100;209200;10600;19100;1000;1460;;;;
Indonesia;2020-04-05;27375319100;227300;18100;19800;700;150;;;;
Indonesia;2020-04-06;27375319100;249100;21800;20900;1100;1540;;;;
Indonesia;2020-04-07;27375319100;273800;24700;22100;1200;1540;;;;
Indonesia;2020-04-08;27375319100;295600;21800;24000;1900;1520;;;;
Indonesia;2020-04-09;27375319100;329300;33700;28000;4000;1520;;;;
Indonesia;2020-04-10;27375319100;351200;21900;30600;2600;1490;;;;
Indonesia;2020-04-11;27375319100;384200;33000;32700;2100;150;;;;
Indonesia;2020-04-12;27375319100;424100;39900;37300;4600;1480;;;;
Indonesia;2020-04-13;27375319100;455700;31600;39900;2600;1420;;;;
Indonesia;2020-04-14;27375319100;483900;28200;45900;6000;1350;;;;
Indonesia;2020-04-15;27375319100;513600;29700;46900;1000;1310;;;;
Indonesia;2020-04-16;27375319100;551600;38000;49600;2700;1280;;;;
Indonesia;2020-04-17;27375319100;592300;40700;52000;2400;1250;;;;
Indonesia;2020-04-18;27375319100;624800;32500;53500;1500;1210;;;;
Indonesia;2020-04-19;27375319100;657500;32700;58200;4700;1170;;;;
Indonesia;2020-04-20;27375319100;676000;18500;59000;800;1140;;;;
Indonesia;2020-04-21;27375319100;713500;37500;61600;2600;1130;;;;
Indonesia;2020-04-22;27375319100;741800;28300;63500;1900;1110;;;;
Indonesia;2020-04-23;27375319100;777500;35700;64700;1200;1110;;;;
Indonesia;2020-04-24;27375319100;821100;43600;68900;4200;1110;;;;
Indonesia;2020-04-25;27375319100;860700;39600;72000;3100;110;;;;
Indonesia;2020-04-26;27375319100;888200;27500;74300;2300;1080;;;;
Indonesia;2020-04-27;27375319100;909600;21400;76500;2200;1070;;;;
Indonesia;2020-04-28;27375319100;951100;41500;77300;800;1070;;;;
Indonesia;2020-04-29;27375319100;977100;26000;78400;1100;1050;;;;
Indonesia;2020-04-30;27375319100;1011800;34700;79200;800;1060;;;;
Indonesia;2020-05-01;27375319100;1055100;43300;80000;800;1080;;;;
Indonesia;2020-05-02;27375319100;1084300;29200;83100;3100;1090;;;;
Indonesia;2020-05-03;27375319100;1119200;34900;84500;1400;1120;;;;
Indonesia;2020-05-04;27375319100;1158700;39500;86400;1900;1140;;;;
Indonesia;2020-05-05;27375319100;1207100;48400;87200;800;1130;;;;
Indonesia;2020-05-06;27375319100;1243800;36700;89500;2300;1110;;;;
Indonesia;2020-05-07;27375319100;1277600;33800;93000;3500;110;;;;
Indonesia;2020-05-08;27375319100;1311200;33600;94300;1300;1110;;;;
Indonesia;2020-05-09;27375319100;1364500;53300;95900;1600;1140;;;;
Indonesia;2020-05-10;27375319100;1403200;38700;97300;1400;1160;;;;
Indonesia;2020-05-11;27375319100;1426500;23300;99100;1800;1170;;;;
Indonesia;2020-05-12;27375319100;1474900;48400;100700;1600;120;;;;
Indonesia;2020-05-13;27375319100;1543800;68900;102800;2100;1230;;;;
Indonesia;2020-05-14;27375319100;1600600;56800;104300;1500;1220;;;;
Indonesia;2020-05-15;27375319100;1649600;49000;107600;3300;1210;;;;
Indonesia;2020-05-16;27375319100;1702500;52900;108900;1300;120;;;;
Indonesia;2020-05-17;27375319100;1751400;48900;114800;5900;1210;;;;
Indonesia;2020-05-18;27375319100;1801000;49600;119100;4300;1220;;;;
Indonesia;2020-05-19;27375319100;1849600;48600;122100;3000;1230;;;;
Indonesia;2020-05-20;27375319100;1918900;69300;124200;2100;1240;;;;
Indonesia;2020-05-21;27375319100;2016200;97300;127800;3600;1260;;;;
Indonesia;2020-05-22;27375319100;2079600;63400;132600;4800;1220;;;;
Indonesia;2020-05-23;27375319100;2174500;94900;135100;2500;1190;;;;
Indonesia;2020-05-24;27375319100;2227100;52600;137200;2100;1140;;;;
Indonesia;2020-05-25;27375319100;2275000;47900;139100;1900;110;;;;
Indonesia;2020-05-26;27375319100;2316500;41500;141800;2700;1070;;;;
Indonesia;2020-05-27;27375319100;2385100;68600;147300;5500;1060;;;;
Indonesia;2020-05-28;27375319100;2453800;68700;149600;2300;1060;;;;
Indonesia;2020-05-29;27375319100;2521600;67800;152000;2400;1060;;;;
Indonesia;2020-05-30;27375319100;2577300;55700;157300;5300;1060;;;;
Indonesia;2020-05-31;27375319100;2647300;70000;161300;4000;1080;;;;
Indonesia;2020-06-01;27375319100;2694000;46700;164100;2800;1080;;;;
Indonesia;2020-06-02;27375319100;2754900;60900;166300;2200;1090;;;;
Indonesia;2020-06-03;27375319100;2823300;68400;169800;3500;110;;;;
Indonesia;2020-06-04;27375319100;2881800;58500;172100;2300;1120;;;;
Indonesia;2020-06-05;27375319100;2952100;70300;177000;4900;1170;;;;
Indonesia;2020-06-06;27375319100;3051400;99300;180100;3100;1210;;;;
Indonesia;2020-06-07;27375319100;3118600;67200;185100;5000;1230;;;;
Indonesia;2020-06-08;27375319100;3203300;84700;188300;3200;1260;;;;
Indonesia;2020-06-09;27375319100;3307600;104300;192300;4000;1280;;;;
Indonesia;2020-06-10;27375319100;3431600;124000;195900;3600;1270;;;;
Indonesia;2020-06-11;27375319100;3529500;97900;200000;4100;1240;;;;
Indonesia;2020-06-12;27375319100;3640600;111100;204800;4800;1220;;;;
Indonesia;2020-06-13;27375319100;3742000;101400;209100;4300;120;;;;
Indonesia;2020-06-14;27375319100;3827700;85700;213400;4300;1190;;;;
Indonesia;2020-06-15;27375319100;3929400;101700;219800;6400;1180;;;;
Indonesia;2020-06-16;27375319100;4040000;110600;223100;3300;1170;;;;
Indonesia;2020-06-17;27375319100;4143100;103100;227600;4500;1150;;;;
Indonesia;2020-06-18;27375319100;4276200;133100;233900;6300;1140;;;;
Indonesia;2020-06-19;27375319100;4380300;104100;237300;3400;1120;;;;
Indonesia;2020-06-20;27375319100;4502900;122600;242900;5600;1110;;;;
Indonesia;2020-06-21;27375319100;4589100;86200;246500;3600;110;;;;
Indonesia;2020-06-22;27375319100;4684500;95400;250000;3500;110;;;;
Indonesia;2020-06-23;27375319100;4789600;105100;253500;3500;1090;;;;
Indonesia;2020-06-24;27375319100;4900900;111300;257300;3800;110;;;;
Indonesia;2020-06-25;27375319100;5018700;117800;262000;4700;110;;;;
Indonesia;2020-06-26;27375319100;5142700;124000;268300;6300;1120;;;;
Indonesia;2020-06-27;27375319100;5281200;138500;272000;3700;1140;;;;
Indonesia;2020-06-28;27375319100;5401000;119800;275400;3400;1140;;;;
Indonesia;2020-06-29;27375319100;5509200;108200;280500;5100;1140;;;;
Indonesia;2020-06-30;27375319100;5638500;129300;287600;7100;1150;;;;
Indonesia;2020-07-01;27375319100;5777000;138500;293400;5800;1150;;;;
Indonesia;2020-07-02;27375319100;5939400;162400;298700;5300;1150;;;;
Indonesia;2020-07-03;27375319100;6069500;130100;303600;4900;1150;;;;
Indonesia;2020-07-04;27375319100;6214200;144700;308900;5300;1160;;;;
Indonesia;2020-07-05;27375319100;6374900;160700;317100;8200;1170;;;;
Indonesia;2020-07-06;27375319100;6495800;120900;324100;7000;1170;;;;
Indonesia;2020-07-07;27375319100;6622600;126800;330900;6800;1170;;;;
Indonesia;2020-07-08;27375319100;6807900;185300;335900;5000;1190;;;;
Indonesia;2020-07-09;27375319100;7073600;265700;341700;5800;1190;;;;
Indonesia;2020-07-10;27375319100;7234700;161100;346900;5200;1150;;;;
Indonesia;2020-07-11;27375319100;7401800;167100;353500;6600;1120;;;;
Indonesia;2020-07-12;27375319100;7569900;168100;360600;7100;110;;;;
Indonesia;2020-07-13;27375319100;7698100;128200;365600;5000;1070;;;;
Indonesia;2020-07-14;27375319100;7857200;159100;371000;5400;1050;;;;
Indonesia;2020-07-15;27375319100;8009400;152200;379700;8700;1030;;;;
Indonesia;2020-07-16;27375319100;8166800;157400;387300;7600;1030;;;;
Indonesia;2020-07-17;27375319100;8313000;146200;395700;8400;1040;;;;
Indonesia;2020-07-18;27375319100;8488200;175200;401600;5900;1050;;;;
Indonesia;2020-07-19;27375319100;8652100;163900;414300;12700;1070;;;;
Indonesia;2020-07-20;27375319100;8821400;169300;423900;9600;1080;;;;
Indonesia;2020-07-21;27375319100;8986900;165500;432000;8100;1070;;;;
Indonesia;2020-07-22;27375319100;9175100;188200;445900;13900;1070;;;;
Indonesia;2020-07-23;27375319100;9365700;190600;457600;11700;1060;;;;
Indonesia;2020-07-24;27375319100;9541800;176100;466500;8900;1050;;;;
Indonesia;2020-07-25;27375319100;9728600;186800;471400;4900;1050;;;;
Indonesia;2020-07-26;27375319100;9877800;149200;478100;6700;1050;;;;
Indonesia;2020-07-27;27375319100;10030300;152500;483800;5700;1060;;;;
Indonesia;2020-07-28;27375319100;10205100;174800;490100;6300;1070;;;;
Indonesia;2020-07-29;27375319100;10443200;238100;497500;7400;1070;;;;
Indonesia;2020-07-30;27375319100;10633600;190400;505800;8300;1050;;;;
Indonesia;2020-07-31;27375319100;10837600;204000;513100;7300;1040;;;;
Indonesia;2020-08-01;27375319100;10993600;156000;519300;6200;1030;;;;
Indonesia;2020-08-02;27375319100;11145500;151900;523600;4300;1030;;;;
Indonesia;2020-08-03;27375319100;11313400;167900;530200;6600;1040;;;;
Indonesia;2020-08-04;27375319100;11505600;192200;538800;8600;1050;;;;
Indonesia;2020-08-05;27375319100;11687100;181500;545200;6400;1050;;;;
Indonesia;2020-08-06;27375319100;11875300;188200;552100;6900;1060;;;;
Indonesia;2020-08-07;27375319100;12122600;247300;559300;7200;1080;;;;
Indonesia;2020-08-08;27375319100;12350300;227700;565800;6500;1070;;;;
Indonesia;2020-08-09;27375319100;12539600;189300;572300;6500;1060;;;;
Indonesia;2020-08-10;27375319100;12708300;168700;576500;4200;1050;;;;
Indonesia;2020-08-11;27375319100;12877600;169300;582400;5900;1040;;;;
Indonesia;2020-08-12;27375319100;13071800;194200;590300;7900;1040;;;;
Indonesia;2020-08-13;27375319100;13281600;209800;596800;6500;1050;;;;
Indonesia;2020-08-14;27375319100;13512300;230700;602100;5300;1060;;;;
Indonesia;2020-08-15;27375319100;13746800;234500;607100;5000;1060;;;;
Indonesia;2020-08-16;27375319100;13954900;208100;615000;7900;1050;;;;
Indonesia;2020-08-17;27375319100;14137000;182100;620700;5700;1040;;;;
Indonesia;2020-08-18;27375319100;14304300;167300;627700;7000;1030;;;;
Indonesia;2020-08-19;27375319100;14494500;190200;634600;6900;1040;;;;
Indonesia;2020-08-20;27375319100;14721100;226600;641800;7200;1050;;;;
Indonesia;2020-08-21;27375319100;14940800;219700;650000;8200;1060;;;;
Indonesia;2020-08-22;27375319100;15149800;209000;659400;9400;1070;;;;
Indonesia;2020-08-23;27375319100;15353500;203700;668000;8600;1090;;;;
Indonesia;2020-08-24;27375319100;15541200;187700;675900;7900;1110;;;;
Indonesia;2020-08-25;27375319100;15785900;244700;685800;9900;1140;;;;
Indonesia;2020-08-26;27375319100;16016500;230600;694400;8600;1150;;;;
Indonesia;2020-08-27;27375319100;16288400;271900;706400;12000;1170;;;;
Indonesia;2020-08-28;27375319100;16588700;300300;716900;10500;1190;;;;
Indonesia;2020-08-29;27375319100;16919500;330800;726100;9200;120;;;;
Indonesia;2020-08-30;27375319100;17205300;285800;734300;8200;120;;;;
Indonesia;2020-08-31;27375319100;17479600;274300;741700;7400;1190;;;;
Indonesia;2020-09-01;27375319100;17757100;277500;750500;8800;1180;;;;
Indonesia;2020-09-02;27375319100;18064600;307500;761600;11100;1180;;;;
Indonesia;2020-09-03;27375319100;18426800;362200;775000;13400;1170;;;;
Indonesia;2020-09-04;27375319100;18753700;326900;783200;8200;1160;;;;
Indonesia;2020-09-05;27375319100;19066500;312800;794000;10800;1150;;;;
Indonesia;2020-09-06;27375319100;19410900;344400;802500;8500;1150;;;;
Indonesia;2020-09-07;27375319100;19698900;288000;813000;10500;1140;;;;
Indonesia;2020-09-08;27375319100;20003500;304600;823000;10000;1130;;;;
Indonesia;2020-09-09;27375319100;20334200;330700;833600;10600;1130;;;;
Indonesia;2020-09-10;27375319100;20720300;386100;845600;12000;1130;;;;
Indonesia;2020-09-11;27375319100;21094000;373700;854400;8800;1130;;;;
Indonesia;2020-09-12;27375319100;21474600;380600;865000;10600;1120;;;;
Indonesia;2020-09-13;27375319100;21838200;363600;872300;7300;1120;;;;
Indonesia;2020-09-14;27375319100;22152300;314100;884100;11800;1110;;;;
Indonesia;2020-09-15;27375319100;22503000;350700;896500;12400;1110;;;;
Indonesia;2020-09-16;27375319100;22899300;396300;910000;13500;110;;;;
Indonesia;2020-09-17;27375319100;23262800;363500;922200;12200;110;;;;
Indonesia;2020-09-18;27375319100;23651900;389100;933600;11400;110;;;;
Indonesia;2020-09-19;27375319100;24068700;416800;944800;11200;1110;;;;
Indonesia;2020-09-20;27375319100;24467600;398900;955300;10500;1120;;;;
Indonesia;2020-09-21;27375319100;24885200;417600;967700;12400;1130;;;;
Indonesia;2020-09-22;27375319100;25292300;407100;983700;16000;1120;;;;
Indonesia;2020-09-23;27375319100;25738800;446500;997700;14000;1110;;;;
Indonesia;2020-09-24;27375319100;26202200;463400;1010500;12800;110;;;;
Indonesia;2020-09-25;27375319100;26684500;482300;1021800;11300;1080;;;;
Indonesia;2020-09-26;27375319100;27133900;449400;1030800;9000;1060;;;;
Indonesia;2020-09-27;27375319100;27521300;387400;1038600;7800;1050;;;;
Indonesia;2020-09-28;27375319100;27872200;350900;1047300;8700;1040;;;;
Indonesia;2020-09-29;27375319100;28272400;400200;1060100;12800;1030;;;;
Indonesia;2020-09-30;27375319100;28700800;428400;1074000;13900;1020;;;;
Indonesia;2020-10-01;27375319100;29118200;417400;1085600;11600;1010;;;;
Indonesia;2020-10-02;27375319100;29549900;431700;1097200;11600;1010;;;;
Indonesia;2020-10-03;27375319100;29950600;400700;1105500;8300;1010;;;;
Indonesia;2020-10-04;27375319100;30349800;399200;1115100;9600;1010;;;;
Indonesia;2020-10-05;27375319100;30712000;362200;1125300;10200;1020;;;;
Indonesia;2020-10-06;27375319100;31117600;405600;1137400;12100;1020;;;;
Indonesia;2020-10-07;27375319100;31571400;453800;1147200;9800;1020;;;;
Indonesia;2020-10-08;27375319100;32056400;485000;1158000;10800;1020;;;;
Indonesia;2020-10-09;27375319100;32465800;409400;1167700;9700;1010;;;;
Indonesia;2020-10-10;27375319100;32895200;429400;1176500;8800;1010;;;;
Indonesia;2020-10-11;27375319100;33344900;449700;1184400;7900;1010;;;;
Indonesia;2020-10-12;27375319100;33671600;326700;1193500;9100;100;;;;
Indonesia;2020-10-13;27375319100;34062200;390600;1202700;9200;990;;;;
Indonesia;2020-10-14;27375319100;34474900;412700;1215600;12900;990;;;;
Indonesia;2020-10-15;27375319100;34916000;441100;1226800;11200;990;;;;
Indonesia;2020-10-16;27375319100;35346100;430100;1234700;7900;990;;;;
Indonesia;2020-10-17;27375319100;35776200;430100;1243100;8400;990;;;;
Indonesia;2020-10-18;27375319100;36186700;410500;1251100;8000;980;;;;
Indonesia;2020-10-19;27375319100;36524000;337300;1261700;10600;980;;;;
Indonesia;2020-10-20;27375319100;36884200;360200;1273400;11700;980;;;;
Indonesia;2020-10-21;27375319100;37310900;426700;1285700;12300;980;;;;
Indonesia;2020-10-22;27375319100;37754100;443200;1295900;10200;970;;;;
Indonesia;2020-10-23;27375319100;38191000;436900;1307700;11800;970;;;;
Indonesia;2020-10-24;27375319100;38598000;407000;1320500;12800;960;;;;
Indonesia;2020-10-25;27375319100;38971200;373200;1329900;9400;950;;;;
Indonesia;2020-10-26;27375319100;39293400;322200;1341100;11200;940;;;;
Indonesia;2020-10-27;27375319100;39645400;352000;1351200;10100;930;;;;
Indonesia;2020-10-28;27375319100;40048300;402900;1361200;10000;920;;;;
Indonesia;2020-10-29;27375319100;40404800;356500;1370100;8900;90;;;;
Indonesia;2020-10-30;27375319100;40694500;289700;1378200;8100;890;;;;
Indonesia;2020-10-31;27375319100;41008800;314300;1386900;8700;890;;;;
Indonesia;2020-11-01;27375319100;41278400;269600;1394300;7400;910;;;;
Indonesia;2020-11-02;27375319100;41540200;261800;1404400;10100;930;;;;
Indonesia;2020-11-03;27375319100;41837500;297300;1414600;10200;960;;;;
Indonesia;2020-11-04;27375319100;42173100;335600;1425900;11300;980;;;;
Indonesia;2020-11-05;27375319100;42579600;406500;1434800;8900;1010;;;;
Indonesia;2020-11-06;27375319100;42957400;377800;1444200;9400;1030;;;;
Indonesia;2020-11-07;27375319100;43383600;426200;1454000;9800;1050;;;;
Indonesia;2020-11-08;27375319100;43771600;388000;1461400;7400;1060;;;;
Indonesia;2020-11-09;27375319100;44056900;285300;1468900;7500;1070;;;;
Indonesia;2020-11-10;27375319100;44434800;377900;1476100;7200;1080;;;;
Indonesia;2020-11-11;27375319100;44811800;377000;1483600;7500;1090;;;;
Indonesia;2020-11-12;27375319100;45229100;417300;1493300;9700;1110;;;;
Indonesia;2020-11-13;27375319100;45773500;544400;1503700;10400;1130;;;;
Indonesia;2020-11-14;27375319100;46300700;527200;1514800;11100;1120;;;;
Indonesia;2020-11-15;27375319100;46711300;410600;1521100;6300;110;;;;
Indonesia;2020-11-16;27375319100;47064800;353500;1529600;8500;1090;;;;
Indonesia;2020-11-17;27375319100;47445500;380700;1539300;9700;1080;;;;
Indonesia;2020-11-18;27375319100;47872000;426500;1550300;11000;1080;;;;
Indonesia;2020-11-19;27375319100;48351800;479800;1560000;9700;1090;;;;
Indonesia;2020-11-20;27375319100;48831000;479200;1567800;7800;1090;;;;
Indonesia;2020-11-21;27375319100;49330800;499800;1577400;9600;110;;;;
Indonesia;2020-11-22;27375319100;49766800;436000;1588400;11000;110;;;;
Indonesia;2020-11-23;27375319100;50211000;444200;1600200;11800;1110;;;;
Indonesia;2020-11-24;27375319100;50630200;419200;1611100;10900;1110;;;;
Indonesia;2020-11-25;27375319100;51183600;553400;1622500;11400;1120;;;;
Indonesia;2020-11-26;27375319100;51675300;491700;1635200;12700;1120;;;;
Indonesia;2020-11-27;27375319100;52258100;582800;1652100;16900;1130;;;;
Indonesia;2020-11-28;27375319100;52799900;541800;1664600;12500;1140;;;;
Indonesia;2020-11-29;27375319100;53426600;626700;1681500;16900;1150;;;;
Indonesia;2020-11-30;27375319100;53888300;461700;1694500;13000;1140;;;;
Indonesia;2020-12-01;27375319100;54397500;509200;1708100;13600;1140;;;;
Indonesia;2020-12-02;27375319100;54950800;553300;1719900;11800;1140;;;;
Indonesia;2020-12-03;27375319100;55787700;836900;1735500;15600;1140;;;;
Indonesia;2020-12-04;27375319100;56368000;580300;1747900;12400;1120;;;;
Indonesia;2020-12-05;27375319100;56970700;602700;1758900;11000;1110;;;;
Indonesia;2020-12-06;27375319100;57579600;608900;1774000;15100;110;;;;
Indonesia;2020-12-07;27375319100;58155000;575400;1786700;12700;1090;;;;
Indonesia;2020-12-08;27375319100;58684200;529200;1800000;13300;1070;;;;
Indonesia;2020-12-09;27375319100;59290000;605800;1817100;17100;1060;;;;
Indonesia;2020-12-10;27375319100;59893300;603300;1833600;16500;1060;;;;
Indonesia;2020-12-11;27375319100;60524300;631000;1851100;17500;1060;;;;
Indonesia;2020-12-12;27375319100;61163100;638800;1865300;14200;1060;;;;
Indonesia;2020-12-13;27375319100;61782000;618900;1881900;16600;1070;;;;
Indonesia;2020-12-14;27375319100;62330900;548900;1895600;13700;1080;;;;
Indonesia;2020-12-15;27375319100;62942900;612000;1911100;15500;1080;;;;
Indonesia;2020-12-16;27375319100;63615400;672500;1924800;13700;1080;;;;
Indonesia;2020-12-17;27375319100;64350800;735400;1939000;14200;1090;;;;
Indonesia;2020-12-18;27375319100;65019700;668900;1951400;12400;1090;;;;
Indonesia;2020-12-19;27375319100;65794800;775100;1965900;14500;1090;;;;
Indonesia;2020-12-20;27375319100;66493000;698200;1988000;22100;1090;;;;
Indonesia;2020-12-21;27375319100;67177800;684800;2008500;20500;1090;;;;
Indonesia;2020-12-22;27375319100;67812500;634700;2025700;17200;1070;;;;
Indonesia;2020-12-23;27375319100;68563900;751400;2040800;15100;1060;;;;
Indonesia;2020-12-24;27375319100;69283800;719900;2058900;18100;1050;;;;
Indonesia;2020-12-25;27375319100;70009700;725900;2084700;25800;1050;;;;
Indonesia;2020-12-26;27375319100;70683700;674000;2099400;14700;1040;;;;
Indonesia;2020-12-27;27375319100;71336500;652800;2123700;24300;1050;;;;
Indonesia;2020-12-28;27375319100;71921900;585400;2145200;21500;1060;;;;
Indonesia;2020-12-29;27375319100;72712200;790300;2170300;25100;1080;;;;
Indonesia;2020-12-30;27375319100;73512400;800200;2194400;24100;1080;;;;
Indonesia;2020-12-31;27375319100;74319800;807400;2213800;19400;1080;;;;
Indonesia;2021-01-01;27375319100;75127000;807200;2232900;19100;1070;;;;
Indonesia;2021-01-02;27375319100;75847300;720300;2255500;22600;1070;;;;
Indonesia;2021-01-03;27375319100;76535000;687700;2273400;17900;1080;;;;
Indonesia;2021-01-04;27375319100;77210300;675300;2291100;17700;110;;;;
Indonesia;2021-01-05;27375319100;77954800;744500;2310900;19800;1120;;;;
Indonesia;2021-01-06;27375319100;78840200;885400;2329600;18700;1140;;;;
Indonesia;2021-01-07;27375319100;79772300;932100;2352000;22400;1160;;;;
Indonesia;2021-01-08;27375319100;80834000;1061700;2375300;23300;1170;;;;
Indonesia;2021-01-09;27375319100;81838600;1004600;2394700;19400;1180;;;;
Indonesia;2021-01-10;27375319100;82802600;964000;2412900;18200;1180;;;;
Indonesia;2021-01-11;27375319100;83671800;869200;2434300;21400;1190;;;;
Indonesia;2021-01-12;27375319100;84676500;1004700;2464500;30200;1190;;;;
Indonesia;2021-01-13;27375319100;85804300;1127800;2495100;30600;1190;;;;
Indonesia;2021-01-14;27375319100;86960000;1155700;2524600;29500;1190;;;;
Indonesia;2021-01-15;27375319100;88241800;1281800;2548400;23800;1190;;;;
Indonesia;2021-01-16;27375319100;89664200;1422400;2576700;28300;1180;;;;
Indonesia;2021-01-17;27375319100;90792900;1128700;2598700;22000;1150;;;;
Indonesia;2021-01-18;27375319100;91701500;908600;2628200;29500;1130;;;;
Indonesia;2021-01-19;27375319100;92738000;1036500;2659000;30800;1110;;;;
Indonesia;2021-01-20;27375319100;93994800;1256800;2685700;26700;1110;;;;
Indonesia;2021-01-21;27375319100;95165100;1170300;2720300;34600;110;;;;
Indonesia;2021-01-22;27375319100;96528300;1363200;2745300;25000;110;;;;
Indonesia;2021-01-23;27375319100;97747400;1219100;2766400;21100;1090;;;;
Indonesia;2021-01-24;27375319100;98926200;1178800;2783500;17100;1080;;;;
Indonesia;2021-01-25;27375319100;99925600;999400;2813200;29700;1080;;;;
Indonesia;2021-01-26;27375319100;101235000;1309400;2846800;33600;1080;;;;
Indonesia;2021-01-27;27375319100;102429800;1194800;2885500;38700;1070;;;;
Indonesia;2021-01-28;27375319100;103799300;1369500;2933100;47600;1060;;;;
Indonesia;2021-01-29;27375319100;105179500;1380200;2951800;18700;1050;;;;
Indonesia;2021-01-30;27375319100;106631300;1451800;2972800;21000;1040;;;;
Indonesia;2021-01-31;27375319100;107831400;1200100;2999800;27000;1020;;;;
Indonesia;2021-02-01;27375319100;108930800;1099400;3027700;27900;100;;;;
Indonesia;2021-02-02;27375319100;109968700;1037900;3058100;30400;970;;;;
Indonesia;2021-02-03;27375319100;111167100;1198400;3077000;18900;960;;;;
Indonesia;2021-02-04;27375319100;112310500;1143400;3100100;23100;940;;;;
Indonesia;2021-02-05;27375319100;113485400;1174900;3120200;20100;930;;;;
Indonesia;2021-02-06;27375319100;114701000;1215600;3139300;19100;920;;;;
Indonesia;2021-02-07;27375319100;115783700;1082700;3155600;16300;910;;;;
Indonesia;2021-02-08;27375319100;116607900;824200;3176300;20700;880;;;;
Indonesia;2021-02-09;27375319100;117477900;870000;3197600;21300;860;;;;
Indonesia;2021-02-10;27375319100;118355500;877600;3216700;19100;860;;;;
Indonesia;2021-02-11;27375319100;119199000;843500;3238100;21400;850;;;;
Indonesia;2021-02-12;27375319100;120185900;986900;3265600;27500;860;;;;
Indonesia;2021-02-13;27375319100;121070300;884400;3293600;28000;870;;;;
Indonesia;2021-02-14;27375319100;121746800;676500;3318300;24700;880;;;;
Indonesia;2021-02-15;27375319100;122393000;646200;3336700;18400;890;;;;
Indonesia;2021-02-16;27375319100;123395900;1002900;3359600;22900;920;;;;
Indonesia;2021-02-17;27375319100;124364600;968700;3378800;19200;930;;;;
Indonesia;2021-02-18;27375319100;125268500;903900;3396900;18100;930;;;;
Indonesia;2021-02-19;27375319100;126329900;1061400;3415200;18300;940;;;;
Indonesia;2021-02-20;27375319100;127135300;805400;3431600;16400;940;;;;
Indonesia;2021-02-21;27375319100;127865300;730000;3448900;17300;940;;;;
Indonesia;2021-02-22;27375319100;128883300;1018000;3469100;20200;940;;;;
Indonesia;2021-02-23;27375319100;129860800;977500;3501400;32300;930;;;;
Indonesia;2021-02-24;27375319100;130614100;753300;3525400;24000;90;;;;
Indonesia;2021-02-25;27375319100;131463400;849300;3551800;26400;880;;;;
Indonesia;2021-02-26;27375319100;132286600;823200;3578600;26800;860;;;;
Indonesia;2021-02-27;27375319100;132907400;620800;3598100;19500;850;;;;
Indonesia;2021-02-28;27375319100;133463400;556000;3616600;18500;840;;;;
Indonesia;2021-03-01;27375319100;134131400;668000;3632500;15900;840;;;;
Indonesia;2021-03-02;27375319100;134702600;571200;3651800;19300;840;;;;
Indonesia;2021-03-03;27375319100;135383400;680800;3672100;20300;850;;;;
Indonesia;2021-03-04;27375319100;136109800;726400;3689700;17600;860;;;;
Indonesia;2021-03-05;27375319100;136806900;697100;3702600;12900;870;;;;
Indonesia;2021-03-06;27375319100;137383600;576700;3715400;12800;870;;;;
Indonesia;2021-03-07;27375319100;137966200;582600;3726600;11200;880;;;;
Indonesia;2021-03-08;27375319100;138655600;689400;3754700;28100;880;;;;
Indonesia;2021-03-09;27375319100;139294500;638900;3775700;21000;880;;;;
Indonesia;2021-03-10;27375319100;139857800;563300;3793200;17500;870;;;;
Indonesia;2021-03-11;27375319100;140372200;514400;3804900;11700;860;;;;
Indonesia;2021-03-12;27375319100;141013400;641200;3822900;18000;870;;;;
Indonesia;2021-03-13;27375319100;141474100;460700;3832900;10000;880;;;;
Indonesia;2021-03-14;27375319100;141945500;471400;3842600;9700;90;;;;
Indonesia;2021-03-15;27375319100;142504400;558900;3857300;14700;920;;;;
Indonesia;2021-03-16;27375319100;143045800;541400;3875300;18000;930;;;;
Indonesia;2021-03-17;27375319100;143728300;682500;3891500;16200;950;;;;
Indonesia;2021-03-18;27375319100;144385300;657000;3914200;22700;950;;;;
Indonesia;2021-03-19;27375319100;145013200;627900;3933900;19700;950;;;;
Indonesia;2021-03-20;27375319100;145578800;565600;3944700;10800;940;;;;
Indonesia;2021-03-21;27375319100;146018400;439600;3955000;10300;940;;;;
Indonesia;2021-03-22;27375319100;146592800;574400;3971100;16100;940;;;;
Indonesia;2021-03-23;27375319100;147122500;529700;3986500;15400;930;;;;
Indonesia;2021-03-24;27375319100;147645200;522700;3998300;11800;920;;;;
Indonesia;2021-03-25;27375319100;148255900;610700;4008100;9800;920;;;;
Indonesia;2021-03-26;27375319100;148754100;498200;4016600;8500;920;;;;
Indonesia;2021-03-27;27375319100;149200200;446100;4036400;19800;920;;;;
Indonesia;2021-03-28;27375319100;149608500;408300;4044900;8500;930;;;;
Indonesia;2021-03-29;27375319100;150109300;500800;4058100;13200;950;;;;
Indonesia;2021-03-30;27375319100;150577500;468200;4075400;17300;960;;;;
Indonesia;2021-03-31;27375319100;151171200;593700;4085800;10400;970;;;;
Indonesia;2021-04-01;27375319100;151785400;614200;4105400;19600;980;;;;
Indonesia;2021-04-02;27375319100;152317900;532500;4115100;9700;980;;;;
Indonesia;2021-04-03;27375319100;152752400;434500;4124200;9100;980;;;;
Indonesia;2021-04-04;27375319100;153425500;673100;4166900;42700;990;;;;
Indonesia;2021-04-05;27375319100;153796700;371200;4181500;14600;960;;;;
Indonesia;2021-04-06;27375319100;154251600;454900;4197700;16200;960;;;;
Indonesia;2021-04-07;27375319100;154737600;486000;4206400;8700;960;;;;
Indonesia;2021-04-08;27375319100;155288000;550400;4222700;16300;970;;;;
Indonesia;2021-04-09;27375319100;155814500;526500;4234800;12100;980;;;;
Indonesia;2021-04-10;27375319100;156286800;472300;4244300;9500;990;;;;
Indonesia;2021-04-11;27375319100;156699500;412700;4253000;8700;990;;;;
Indonesia;2021-04-12;27375319100;157182400;482900;4265600;12600;1010;;;;
Indonesia;2021-04-13;27375319100;157752600;570200;4278200;12600;1020;;;;
Indonesia;2021-04-14;27375319100;158318200;565600;4290600;12400;1030;;;;
Indonesia;2021-04-15;27375319100;158935900;617700;4307300;16700;1030;;;;
Indonesia;2021-04-16;27375319100;159472200;536300;4319600;12300;1020;;;;
Indonesia;2021-04-17;27375319100;159976300;504100;4332800;13200;1020;;;;
Indonesia;2021-04-18;27375319100;160434800;458500;4342400;9600;1020;;;;
Indonesia;2021-04-19;27375319100;160930000;495200;4356700;14300;1020;;;;
Indonesia;2021-04-20;27375319100;161484900;554900;4377700;21000;1020;;;;
Indonesia;2021-04-21;27375319100;162056900;572000;4400700;23000;1020;;;;
Indonesia;2021-04-22;27375319100;162681200;624300;4417200;16500;1010;;;;
Indonesia;2021-04-23;27375319100;163224800;543600;4434600;17400;100;;;;
Indonesia;2021-04-24;27375319100;163679200;454400;4450000;15400;990;;;;
Indonesia;2021-04-25;27375319100;164119400;440200;4459400;9400;990;;;;
Indonesia;2021-04-26;27375319100;164713800;594400;4477100;17700;100;;;;
Indonesia;2021-04-27;27375319100;165179400;465600;4493900;16800;990;;;;
Indonesia;2021-04-28;27375319100;165703500;524100;4511600;17700;980;;;;
Indonesia;2021-04-29;27375319100;166286800;583300;4533400;21800;980;;;;
Indonesia;2021-04-30;27375319100;166836800;550000;4552100;18700;980;;;;
Indonesia;2021-05-01;27375319100;167288000;451200;4565200;13100;970;;;;
Indonesia;2021-05-02;27375319100;167727400;439400;4579600;14400;970;;;;
Indonesia;2021-05-03;27375319100;168200400;473000;4594900;15300;970;;;;
Indonesia;2021-05-04;27375319100;168637300;436900;4613700;18800;980;;;;
Indonesia;2021-05-05;27375319100;169165800;528500;4634900;21200;990;;;;
Indonesia;2021-05-06;27375319100;169730500;564700;4649600;14700;990;;;;
Indonesia;2021-05-07;27375319100;170363200;632700;4666300;16700;100;;;;
Indonesia;2021-05-08;27375319100;170976200;613000;4684200;17900;990;;;;
Indonesia;2021-05-09;27375319100;171368400;392200;4701200;17000;960;;;;
Indonesia;2021-05-10;27375319100;171857500;489100;4721800;20600;930;;;;
Indonesia;2021-05-11;27375319100;172359600;502100;4746500;24700;910;;;;
Indonesia;2021-05-12;27375319100;172820400;460800;4761700;15200;880;;;;
Indonesia;2021-05-13;27375319100;173165200;344800;4771600;9900;850;;;;
Indonesia;2021-05-14;27375319100;173428500;263300;4782300;10700;840;;;;
Indonesia;2021-05-15;27375319100;173667000;238500;4796700;14400;870;;;;
Indonesia;2021-05-16;27375319100;173975000;308000;4809300;12600;920;;;;
Indonesia;2021-05-17;27375319100;174404500;429500;4830500;21200;970;;;;
Indonesia;2021-05-18;27375319100;174823000;418500;4847700;17200;1020;;;;
Indonesia;2021-05-19;27375319100;175310100;487100;4866900;19200;1060;;;;
Indonesia;2021-05-20;27375319100;175889800;579700;4888700;21800;110;;;;
Indonesia;2021-05-21;27375319100;176464400;574600;4907300;18600;1120;;;;
Indonesia;2021-05-22;27375319100;176994000;529600;4920500;13200;1130;;;;
Indonesia;2021-05-23;27375319100;177522000;528000;4932800;12300;1130;;;;
Indonesia;2021-05-24;27375319100;178112700;590700;4945500;12700;1130;;;;
Indonesia;2021-05-25;27375319100;178618700;506000;4962700;17200;1120;;;;
Indonesia;2021-05-26;27375319100;179122100;503400;4977100;14400;1110;;;;
Indonesia;2021-05-27;27375319100;179749900;627800;4990700;13600;1110;;;;
Indonesia;2021-05-28;27375319100;180336100;586200;5010000;19300;1120;;;;
Indonesia;2021-05-29;27375319100;180992600;656500;5026200;16200;1120;;;;
Indonesia;2021-05-30;27375319100;181604100;611500;5040400;14200;1110;;;;
Indonesia;2021-05-31;27375319100;182170300;566200;5057800;17400;1090;;;;
Indonesia;2021-06-01;27375319100;182652700;482400;5072300;14500;1080;;;;
Indonesia;2021-06-02;27375319100;183177300;524600;5090800;18500;1070;;;;
Indonesia;2021-06-03;27375319100;183712600;535300;5109500;18700;1080;;;;
Indonesia;2021-06-04;27375319100;184361200;648600;5129600;20100;1110;;;;
Indonesia;2021-06-05;27375319100;185020600;659400;5144900;15300;1130;;;;
Indonesia;2021-06-06;27375319100;185603800;583200;5161200;16300;1150;;;;
Indonesia;2021-06-07;27375319100;186303100;699300;5180300;19100;1180;;;;
Indonesia;2021-06-08;27375319100;186932500;629400;5199200;18900;1190;;;;
Indonesia;2021-06-09;27375319100;187705000;772500;5216200;17000;1210;;;;
Indonesia;2021-06-10;27375319100;188594200;889200;5237300;21100;1230;;;;
Indonesia;2021-06-11;27375319100;189402500;808300;5256600;19300;1240;;;;
Indonesia;2021-06-12;27375319100;190149000;746500;5273000;16400;1250;;;;
Indonesia;2021-06-13;27375319100;191135800;986800;5287900;14900;1270;;;;
Indonesia;2021-06-14;27375319100;191954700;818900;5311600;23700;1280;;;;
Indonesia;2021-06-15;27375319100;192770800;816100;5328000;16400;130;;;;
Indonesia;2021-06-16;27375319100;193765200;994400;5347600;19600;1320;;;;
Indonesia;2021-06-17;27375319100;195027600;1262400;5375300;27700;1350;;;;
Indonesia;2021-06-18;27375319100;196326600;1299000;5404300;29000;1380;;;;
Indonesia;2021-06-19;27375319100;197617200;1290600;5429100;24800;1390;;;;
Indonesia;2021-06-20;27375319100;198990900;1373700;5466200;37100;140;;;;
Indonesia;2021-06-21;27375319100;200444500;1453600;5495600;29400;140;;;;
Indonesia;2021-06-22;27375319100;201811300;1366800;5529100;33500;140;;;;
Indonesia;2021-06-23;27375319100;203342100;1530800;5559400;30300;1410;;;;
Indonesia;2021-06-24;27375319100;205399500;2057400;5594900;35500;1420;;;;
Indonesia;2021-06-25;27375319100;207286700;1887200;5637100;42200;1410;;;;
Indonesia;2021-06-26;27375319100;209396200;2109500;5672900;35800;1410;;;;
Indonesia;2021-06-27;27375319100;211530400;2134200;5713800;40900;140;;;;
Indonesia;2021-06-28;27375319100;213599800;2069400;5756100;42300;1380;;;;
Indonesia;2021-06-29;27375319100;215646500;2046700;5802400;46300;1370;;;;
Indonesia;2021-06-30;27375319100;217827200;2180700;5849100;46700;1350;;;;
Indonesia;2021-07-01;27375319100;220310800;2483600;5899500;50400;1350;;;;
Indonesia;2021-07-02;27375319100;222893800;2583000;5953400;53900;1360;;;;
Indonesia;2021-07-03;27375319100;225685100;2791300;6002700;49300;1360;;;;
Indonesia;2021-07-04;27375319100;228408400;2723300;6058200;55500;1370;;;;
Indonesia;2021-07-05;27375319100;231382900;2974500;6114000;55800;1370;;;;
Indonesia;2021-07-06;27375319100;234501800;3118900;6186800;72800;1370;;;;
Indonesia;2021-07-07;27375319100;237939700;3437900;6290800;104000;1360;;;;
Indonesia;2021-07-08;27375319100;241778800;3839100;6376000;85200;1350;;;;
Indonesia;2021-07-09;27375319100;245591200;3812400;6463100;87100;1340;;;;
Indonesia;2021-07-10;27375319100;249100600;3509400;6545700;82600;1340;;;;
Indonesia;2021-07-11;27375319100;252720300;3619700;6646400;100700;1340;;;;
Indonesia;2021-07-12;27375319100;256763000;4042700;6735500;89100;1350;;;;
Indonesia;2021-07-13;27375319100;261552900;4789900;6821900;86400;1340;;;;
Indonesia;2021-07-14;27375319100;267004600;5451700;6921000;99100;1320;;;;
Indonesia;2021-07-15;27375319100;272680300;5675700;7019200;98200;1290;;;;
Indonesia;2021-07-16;27375319100;278080300;5400000;7139700;120500;1240;;;;
Indonesia;2021-07-17;27375319100;283275500;5195200;7248900;109200;1190;;;;
Indonesia;2021-07-18;27375319100;287747600;4472100;7358200;109300;1140;;;;
Indonesia;2021-07-19;27375319100;291173300;3425700;7492000;133800;1090;;;;
Indonesia;2021-07-20;27375319100;295005800;3832500;7620000;128000;1060;;;;
Indonesia;2021-07-21;27375319100;298383000;3377200;7758300;138300;1030;;;;
Indonesia;2021-07-22;27375319100;303333900;4950900;7903200;144900;1030;;;;
Indonesia;2021-07-23;27375319100;308241000;4907100;8059800;156600;1020;;;;
Indonesia;2021-07-24;27375319100;312782600;4541600;8201300;141500;1010;;;;
Indonesia;2021-07-25;27375319100;316650500;3867900;8327900;126600;100;;;;
Indonesia;2021-07-26;27375319100;319473300;2822800;8476600;148700;990;;;;
Indonesia;2021-07-27;27375319100;323993600;4520300;8683500;206900;980;;;;
Indonesia;2021-07-28;27375319100;328772700;4779100;8865900;182400;970;;;;
Indonesia;2021-07-29;27375319100;333120600;4347900;9055200;189300;950;;;;
Indonesia;2021-07-30;27375319100;337237400;4116800;9231100;175900;920;;;;
Indonesia;2021-07-31;27375319100;340965800;3728400;9411900;180800;910;;;;
Indonesia;2021-08-01;27375319100;344039600;3073800;9572300;160400;890;;;;
Indonesia;2021-08-02;27375319100;346280000;2240400;9729100;156800;880;;;;
Indonesia;2021-08-03;27375319100;349670000;3390000;9888900;159800;880;;;;
Indonesia;2021-08-04;27375319100;353256700;3586700;10063600;174700;880;;;;
Indonesia;2021-08-05;27375319100;356833100;3576400;10237500;173900;880;;;;
Indonesia;2021-08-06;27375319100;360786300;3953200;10401000;163500;870;;;;
Indonesia;2021-08-07;27375319100;363961600;3175300;10559800;158800;860;;;;
Indonesia;2021-08-08;27375319100;366603100;2641500;10709600;149800;850;;;;
Indonesia;2021-08-09;27375319100;368674000;2070900;10857100;147500;850;;;;
Indonesia;2021-08-10;27375319100;371882100;3208100;11061900;204800;840;;;;
Indonesia;2021-08-11;27375319100;374944600;3062500;11219800;157900;830;;;;
Indonesia;2021-08-12;27375319100;377415500;2470900;11366400;146600;810;;;;
Indonesia;2021-08-13;27375319100;380494300;3078800;11509600;143200;810;;;;
Indonesia;2021-08-14;27375319100;383354100;2859800;11636600;127000;80;;;;
Indonesia;2021-08-15;27375319100;385435400;2081300;11758800;122200;780;;;;
Indonesia;2021-08-16;27375319100;387173800;1738400;11883300;124500;760;;;;
Indonesia;2021-08-17;27375319100;389247900;2074100;12001300;118000;740;;;;
Indonesia;2021-08-18;27375319100;390824700;1576800;12114100;112800;720;;;;
Indonesia;2021-08-19;27375319100;393030000;2205300;12263300;149200;730;;;;
Indonesia;2021-08-20;27375319100;395030400;2000400;12398100;134800;720;;;;
Indonesia;2021-08-21;27375319100;396704800;1674400;12534200;136100;710;;;;
Indonesia;2021-08-22;27375319100;397945600;1240800;12637200;103000;710;;;;
Indonesia;2021-08-23;27375319100;398906000;960400;12721400;84200;720;;;;
Indonesia;2021-08-24;27375319100;400816600;1910600;12825200;103800;720;;;;
Indonesia;2021-08-25;27375319100;402683700;1867100;12929300;104100;710;;;;
Indonesia;2021-08-26;27375319100;404373600;1689900;13018200;88900;690;;;;
Indonesia;2021-08-27;27375319100;405635400;1261800;13078100;59900;660;;;;
Indonesia;2021-08-28;27375319100;406640400;1005000;13137200;59100;640;;;;
Indonesia;2021-08-29;27375319100;407383100;742700;13192300;55100;630;;;;
Indonesia;2021-08-30;27375319100;407926700;543600;13249100;56800;620;;;;
Indonesia;2021-08-31;27375319100;408980100;1053400;13302300;53200;620;;;;
Indonesia;2021-09-01;27375319100;410013800;1033700;13367600;65300;620;;;;
Indonesia;2021-09-02;27375319100;410013800;0;13367600;0;610;;;;
Indonesia;2021-09-03;27375319100;411689000;1675200;13493000;125400;650;;;;
Indonesia;2021-09-04;27375319100;412361700;672700;13546900;53900;640;;;;
Indonesia;2021-09-05;27375319100;412902000;540300;13586100;39200;640;;;;
Indonesia;2021-09-06;27375319100;413343300;441300;13647300;61200;630;;;;
Indonesia;2021-09-07;27375319100;414063400;720100;13715600;68300;630;;;;
Indonesia;2021-09-08;27375319100;414736500;673100;13778200;62600;620;;;;
Indonesia;2021-09-09;27375319100;415335500;599000;13811600;33400;610;;;;
Indonesia;2021-09-10;27375319100;415873100;537600;13843100;31500;60;;;;
Indonesia;2021-09-11;27375319100;416373200;500100;13870100;27000;60;;;;
Indonesia;2021-09-12;27375319100;416751100;377900;13888900;18800;60;;;;
Indonesia;2021-09-13;27375319100;417008800;257700;13916500;27600;590;;;;
Indonesia;2021-09-14;27375319100;417421600;412800;13941500;25000;590;;;;
Indonesia;2021-09-15;27375319100;417816400;394800;13968200;26700;590;;;;
Indonesia;2021-09-16;27375319100;418130900;314500;13991900;23700;590;;;;
Indonesia;2021-09-17;27375319100;418514400;383500;14013800;21900;590;;;;
Indonesia;2021-09-18;27375319100;418852900;338500;14032300;18500;60;;;;
Indonesia;2021-09-19;27375319100;419076300;223400;14046800;14500;610;;;;
Indonesia;2021-09-20;27375319100;419269500;193200;14063400;16600;620;;;;
Indonesia;2021-09-21;27375319100;419595800;326300;14080500;17100;620;;;;
Indonesia;2021-09-22;27375319100;419867800;272000;14095400;14900;620;;;;
Indonesia;2021-09-23;27375319100;420155900;288100;14111400;16000;630;;;;
Indonesia;2021-09-24;27375319100;420411600;255700;14125800;14400;620;;;;
Indonesia;2021-09-25;27375319100;420625300;213700;14138100;12300;620;;;;
Indonesia;2021-09-26;27375319100;420801300;176000;14146700;8600;630;;;;
Indonesia;2021-09-27;27375319100;420940300;139000;14158500;11800;630;;;;
Indonesia;2021-09-28;27375319100;421146000;205700;14170900;12400;620;;;;
Indonesia;2021-09-29;27375319100;421341400;195400;14182600;11700;620;;;;
Indonesia;2021-09-30;27375319100;421510400;169000;14193900;11300;620;;;;
Indonesia;2021-10-01;27375319100;421672800;162400;14202600;8700;620;;;;
Indonesia;2021-10-02;27375319100;421814200;141400;14211500;8900;630;;;;
Indonesia;2021-10-03;27375319100;421928400;114200;14217300;5800;640;;;;
Indonesia;2021-10-04;27375319100;422020600;92200;14226100;8800;650;;;;
Indonesia;2021-10-05;27375319100;422161000;140400;14233800;7700;660;;;;
Indonesia;2021-10-06;27375319100;422309400;148400;14241300;7500;670;;;;
Indonesia;2021-10-07;27375319100;422448700;139300;14249400;8100;680;;;;
Indonesia;2021-10-08;27375319100;422587100;138400;14256000;6600;690;;;;
Indonesia;2021-10-09;27375319100;422703800;116700;14261200;5200;690;;;;
Indonesia;2021-10-10;27375319100;422793200;89400;14265100;3900;70;;;;
Indonesia;2021-10-11;27375319100;422855200;62000;14271600;6500;710;;;;
Indonesia;2021-10-12;27375319100;422981300;126100;14276300;4700;720;;;;
Indonesia;2021-10-13;27375319100;423104600;123300;14281100;4800;720;;;;
Indonesia;2021-10-14;27375319100;423209900;105300;14284800;3700;720;;;;
Indonesia;2021-10-15;27375319100;423301400;91500;14288900;4100;720;;;;
Indonesia;2021-10-16;27375319100;423401100;99700;14293300;4400;730;;;;
Indonesia;2021-10-17;27375319100;423475800;74700;14295200;1900;740;;;;
Indonesia;2021-10-18;27375319100;423538400;62600;14299900;4700;740;;;;
Indonesia;2021-10-19;27375319100;423628700;90300;14304900;5000;740;;;;
Indonesia;2021-10-20;27375319100;423720100;91400;14307700;2800;730;;;;
Indonesia;2021-10-21;27375319100;423783400;63300;14312000;4300;730;;;;
Indonesia;2021-10-22;27375319100;423859400;76000;14315300;3300;740;;;;
Indonesia;2021-10-23;27375319100;423939600;80200;14317600;2300;750;;;;
Indonesia;2021-10-24;27375319100;424001900;62300;14320500;2900;760;;;;
Indonesia;2021-10-25;27375319100;424047900;46000;14323500;3000;770;;;;
Indonesia;2021-10-26;27375319100;424109000;61100;14327000;3500;770;;;;
Indonesia;2021-10-27;27375319100;424180900;71900;14329900;2900;780;;;;
Indonesia;2021-10-28;27375319100;424253200;72300;14333300;3400;790;;;;
Indonesia;2021-10-29;27375319100;424321500;68300;14336100;2800;80;;;;
Indonesia;2021-10-30;27375319100;424383500;62000;14338800;2700;810;;;;
Indonesia;2021-10-31;27375319100;424435800;52300;14340500;1700;810;;;;
Indonesia;2021-11-01;27375319100;424476100;40300;14342300;1800;820;;;;
Indonesia;2021-11-02;27375319100;424537300;61200;14345700;3400;820;;;;
Indonesia;2021-11-03;27375319100;424617400;80100;14348100;2400;820;;;;
Indonesia;2021-11-04;27375319100;424680200;62800;14350000;1900;810;;;;
Indonesia;2021-11-05;27375319100;424732000;51800;14351900;1900;790;;;;
Indonesia;2021-11-06;27375319100;424772100;40100;14353400;1500;770;;;;
Indonesia;2021-11-07;27375319100;424816500;44400;14354500;1100;770;;;;
Indonesia;2021-11-08;27375319100;424840900;24400;14355700;1200;770;;;;
Indonesia;2021-11-09;27375319100;424884300;43400;14357800;2100;760;;;;
Indonesia;2021-11-10;27375319100;424932300;48000;14359200;1400;770;;;;
Indonesia;2021-11-11;27375319100;424975800;43500;14360800;1600;770;;;;
Indonesia;2021-11-12;27375319100;425015700;39900;14362800;2000;780;;;;
Indonesia;2021-11-13;27375319100;425051600;35900;14364400;1600;790;;;;
Indonesia;2021-11-14;27375319100;425085500;33900;14365900;1500;810;;;;
Indonesia;2021-11-15;27375319100;425107600;22100;14367000;1100;820;;;;
Indonesia;2021-11-16;27375319100;425142300;34700;14368500;1500;840;;;;
Indonesia;2021-11-17;27375319100;425194500;52200;14369800;1300;860;;;;
Indonesia;2021-11-18;27375319100;425234500;40000;14370900;1100;860;;;;
Indonesia;2021-11-19;27375319100;425270500;36000;14371400;500;870;;;;
Indonesia;2021-11-20;27375319100;425309800;39300;14372800;1400;880;;;;
Indonesia;2021-11-21;27375319100;425341200;31400;14373900;1100;880;;;;
Indonesia;2021-11-22;27375319100;425359800;18600;14374400;500;890;;;;
Indonesia;2021-11-23;27375319100;425399200;39400;14375300;900;90;;;;
Indonesia;2021-11-24;27375319100;425444300;45100;14376600;1300;910;;;;
Indonesia;2021-11-25;27375319100;425481500;37200;14378200;1600;910;;;;
Indonesia;2021-11-26;27375319100;425526800;45300;14379600;1400;910;;;;
Indonesia;2021-11-27;27375319100;425567200;40400;14380700;1100;890;;;;
Indonesia;2021-11-28;27375319100;425593600;26400;14380800;100;860;;;;
Indonesia;2021-11-29;27375319100;425611200;17600;14381900;1100;840;;;;
Indonesia;2021-11-30;27375319100;425640900;29700;14383000;1100;810;;;;
Indonesia;2021-12-01;27375319100;425668700;27800;14384000;1000;80;;;;
Indonesia;2021-12-02;27375319100;425699800;31100;14385000;1000;790;;;;
Indonesia;2021-12-03;27375319100;425724300;24500;14385800;800;780;;;;
Indonesia;2021-12-04;27375319100;425748900;24600;14386300;500;780;;;;
Indonesia;2021-12-05;27375319100;425768500;19600;14386700;400;790;;;;
Indonesia;2021-12-06;27375319100;425781500;13000;14387600;900;790;;;;
Indonesia;2021-12-07;27375319100;425807600;26100;14389300;1700;80;;;;
Indonesia;2021-12-08;27375319100;425834000;26400;14390900;1600;80;;;;
Indonesia;2021-12-09;27375319100;425856000;22000;14391800;900;80;;;;
Indonesia;2021-12-10;27375319100;425875200;19200;14392300;500;80;;;;
Indonesia;2021-12-11;27375319100;425898000;22800;14392900;600;810;;;;
Indonesia;2021-12-12;27375319100;425914300;16300;14393600;700;830;;;;
Indonesia;2021-12-13;27375319100;425924900;10600;14394800;1200;840;;;;
Indonesia;2021-12-14;27375319100;425943900;19000;14396000;1200;850;;;;
Indonesia;2021-12-15;27375319100;425964400;20500;14396900;900;880;;;;
Indonesia;2021-12-16;27375319100;425985700;21300;14397900;1000;910;;;;
Indonesia;2021-12-17;27375319100;426014800;29100;14398600;700;930;;;;
Indonesia;2021-12-18;27375319100;426038000;23200;14399800;1200;930;;;;
Indonesia;2021-12-19;27375319100;426054400;16400;14400200;400;930;;;;
Indonesia;2021-12-20;27375319100;426067700;13300;14401300;1100;920;;;;
Indonesia;2021-12-21;27375319100;426089300;21600;14402400;1100;910;;;;
Indonesia;2021-12-22;27375319100;426107200;17900;14403400;1000;90;;;;
Indonesia;2021-12-23;27375319100;426120800;13600;14404200;800;910;;;;
Indonesia;2021-12-24;27375319100;426141200;20400;14404700;500;940;;;;
Indonesia;2021-12-25;27375319100;426166700;25500;14405300;600;970;;;;
Indonesia;2021-12-26;27375319100;426166700;0;14405300;0;990;;;;
Indonesia;2021-12-27;27375319100;426187900;21200;14406300;1000;1060;;;;
Indonesia;2021-12-28;27375319100;426215700;27800;14407100;800;1090;;;;
Indonesia;2021-12-29;27375319100;426235100;19400;14408100;1000;110;;;;
Indonesia;2021-12-30;27375319100;426254000;18900;14408800;700;1120;;;;
Indonesia;2021-12-31;27375319100;426272000;18000;14409400;600;1170;;;;
Indonesia;2022-01-01;27375319100;426299400;27400;14409600;200;1240;;;;
Indonesia;2022-01-02;27375319100;426316800;17400;14409700;100;1310;;;;
Indonesia;2022-01-03;27375319100;426343300;26500;14410200;500;1390;;;;
Indonesia;2022-01-04;27375319100;426373200;29900;14410500;300;1450;;;;
Indonesia;2022-01-05;27375319100;426413600;40400;14410900;400;1520;;;;
Indonesia;2022-01-06;27375319100;426466900;53300;14411600;700;1580;;;;
Indonesia;2022-01-07;27375319100;426518700;51800;14412100;500;1590;;;;
Indonesia;2022-01-08;27375319100;426566600;47900;14412700;600;160;;;;
Indonesia;2022-01-09;27375319100;426619500;52900;14412900;200;1630;;;;
Indonesia;2022-01-10;27375319100;426664900;45400;14413600;700;1640;;;;
Indonesia;2022-01-11;27375319100;426745100;80200;14414400;800;1650;;;;
Indonesia;2022-01-12;27375319100;426809700;64600;14415000;600;1650;;;;
Indonesia;2022-01-13;27375319100;426889000;79300;14415500;500;1660;;;;
Indonesia;2022-01-14;27375319100;426974000;85000;14416300;800;1690;;;;
Indonesia;2022-01-15;27375319100;427079400;105400;14416700;400;1730;;;;
Indonesia;2022-01-16;27375319100;427164900;85500;14417000;300;1770;;;;
Indonesia;2022-01-17;27375319100;427242100;77200;14417400;400;1820;;;;
Indonesia;2022-01-18;27375319100;427378300;136200;14418300;900;190;;;;
Indonesia;2022-01-19;27375319100;427552800;174500;14419200;900;1980;;;;
Indonesia;2022-01-20;27375319100;427764400;211600;14419900;700;2060;;;;
Indonesia;2022-01-21;27375319100;428024800;260400;14420100;200;2120;;;;
Indonesia;2022-01-22;27375319100;428345300;320500;14420600;500;2170;;;;
Indonesia;2022-01-23;27375319100;428637800;292500;14422000;1400;220;;;;
Indonesia;2022-01-24;27375319100;428930500;292700;14422700;700;2240;;;;
Indonesia;2022-01-25;27375319100;429418300;487800;14424700;2000;2290;;;;
Indonesia;2022-01-26;27375319100;430119300;701000;14425400;700;2340;;;;
Indonesia;2022-01-27;27375319100;430927000;807700;14426100;700;2350;;;;
Indonesia;2022-01-28;27375319100;431917500;990500;14426800;700;2340;;;;
Indonesia;2022-01-29;27375319100;433076300;1158800;14428500;1700;2310;;;;
Indonesia;2022-01-30;27375319100;434318500;1242200;14430300;1800;2280;;;;
Indonesia;2022-01-31;27375319100;435337000;1018500;14432000;1700;2230;;;;
Indonesia;2022-02-01;27375319100;436939100;1602100;14434800;2800;220;;;;
Indonesia;2022-02-02;27375319100;438728600;1789500;14437300;2500;2180;;;;
Indonesia;2022-02-03;27375319100;441448300;2719700;14441100;3800;2180;;;;
Indonesia;2022-02-04;27375319100;444669400;3221100;14445300;4200;2150;;;;
Indonesia;2022-02-05;27375319100;448042300;3372900;14449700;4400;2070;;;;
Indonesia;2022-02-06;27375319100;451648000;3605700;14455400;5700;1990;;;;
Indonesia;2022-02-07;27375319100;454260100;2612100;14463600;8200;1890;;;;
Indonesia;2022-02-08;27375319100;458009300;3749200;14471900;8300;180;;;;
Indonesia;2022-02-09;27375319100;462693600;4684300;14478400;6500;1730;;;;
Indonesia;2022-02-10;27375319100;466755400;4061800;14485800;7400;1650;;;;
Indonesia;2022-02-11;27375319100;470804300;4048900;14495800;10000;160;;;;
Indonesia;2022-02-12;27375319100;476325200;5520900;14506500;10700;1570;;;;
Indonesia;2022-02-13;27375319100;480777800;4452600;14517600;11100;1520;;;;
Indonesia;2022-02-14;27375319100;484427900;3650100;14532100;14500;1470;;;;
Indonesia;2022-02-15;27375319100;490132800;5704900;14545500;13400;1430;;;;
Indonesia;2022-02-16;27375319100;496604600;6471800;14562200;16700;1390;;;;
Indonesia;2022-02-17;27375319100;503000200;6395600;14582800;20600;1340;;;;
Indonesia;2022-02-18;27375319100;508963700;5963500;14604400;21600;1280;;;;
Indonesia;2022-02-19;27375319100;514902100;5938400;14620200;15800;1230;;;;
Indonesia;2022-02-20;27375319100;519750500;4848400;14636500;16300;1180;;;;
Indonesia;2022-02-21;27375319100;523192300;3441800;14654100;17600;1130;;;;
Indonesia;2022-02-22;27375319100;528941400;5749100;14679800;25700;1090;;;;
Indonesia;2022-02-23;27375319100;535090200;6148800;14702500;22700;1050;;;;
Indonesia;2022-02-24;27375319100;540832800;5742600;14734200;31700;100;;;;
Indonesia;2022-02-25;27375319100;545777500;4944700;14758600;24400;960;;;;
Indonesia;2022-02-26;27375319100;550441800;4664300;14784400;25800;910;;;;
Indonesia;2022-02-27;27375319100;553939400;3497600;14807300;22900;870;;;;
Indonesia;2022-02-28;27375319100;556444800;2505400;14833500;26200;820;;;;
Indonesia;2022-03-01;27375319100;558917600;2472800;14866000;32500;780;;;;
Indonesia;2022-03-02;27375319100;563009600;4092000;14903600;37600;770;;;;
Indonesia;2022-03-03;27375319100;566735500;3725900;14926800;23200;760;;;;
Indonesia;2022-03-04;27375319100;569370200;2634700;14959600;32800;740;;;;
Indonesia;2022-03-05;27375319100;572385800;3015600;14991800;32200;740;;;;
Indonesia;2022-03-06;27375319100;574872500;2486700;15017200;25400;730;;;;
Indonesia;2022-03-07;27375319100;577010500;2138000;15043000;25800;720;;;;
Indonesia;2022-03-08;27375319100;580025300;3014800;15083100;40100;690;;;;
Indonesia;2022-03-09;27375319100;582658900;2633600;15113500;30400;650;;;;
Indonesia;2022-03-10;27375319100;584790000;2131100;15141300;27800;620;;;;
Indonesia;2022-03-11;27375319100;586401000;1611000;15170300;29000;60;;;;
Indonesia;2022-03-12;27375319100;587891000;1490000;15195100;24800;580;;;;
Indonesia;2022-03-13;27375319100;589049500;1158500;15216600;21500;570;;;;
Indonesia;2022-03-14;27375319100;590012400;962900;15243700;27100;560;;;;
Indonesia;2022-03-15;27375319100;591453200;1440800;15274500;30800;540;;;;
Indonesia;2022-03-16;27375319100;592755000;1301800;15297500;23000;520;;;;
Indonesia;2022-03-17;27375319100;593908200;1153200;15321200;23700;510;;;;
Indonesia;2022-03-18;27375319100;594861000;952800;15341100;19900;50;;;;
Indonesia;2022-03-19;27375319100;595656100;795100;15359900;18800;490;;;;
Indonesia;2022-03-20;27375319100;596248300;592200;15373800;13900;480;;;;
Indonesia;2022-03-21;27375319100;596718200;469900;15389200;15400;470;;;;
Indonesia;2022-03-22;27375319100;597464600;746400;15406200;17000;450;;;;
Indonesia;2022-03-23;27375319100;598102200;637600;15422100;15900;440;;;;
Indonesia;2022-03-24;27375319100;598683000;580800;15434300;12200;430;;;;
Indonesia;2022-03-25;27375319100;598683000;0;15434300;0;430;;;;
Indonesia;2022-03-26;27375319100;598683000;0;15434300;0;460;;;;
Indonesia;2022-03-27;27375319100;599587600;904600;15457000;22700;530;;;;
Indonesia;2022-03-28;27375319100;600175100;587500;15477400;20400;530;;;;
Indonesia;2022-03-29;27375319100;600564600;389500;15488200;10800;490;;;;
Indonesia;2022-03-30;27375319100;600948600;384000;15500000;11800;480;;;;
Indonesia;2022-03-31;27375319100;601281800;333200;15508900;8900;460;;;;
Indonesia;2022-04-01;27375319100;601574800;293000;15516400;7500;460;;;;
Indonesia;2022-04-02;27375319100;601574800;0;15516400;0;460;;;;
Indonesia;2022-04-03;27375319100;601574800;0;15516400;0;480;;;;
Indonesia;2022-04-04;27375319100;601574800;0;15516400;0;530;;;;
Indonesia;2022-04-05;27375319100;602392400;817600;15542100;25700;610;;;;
Indonesia;2022-04-06;27375319100;602632400;240000;15546400;4300;580;;;;
Indonesia;2022-04-07;27375319100;602841300;208900;15550900;4500;540;;;;
Indonesia;2022-04-08;27375319100;603016800;175500;15555600;4700;530;;;;
Indonesia;2022-04-09;27375319100;603163600;146800;15559700;4100;520;;;;
Indonesia;2022-04-10;27375319100;603270700;107100;15562600;2900;50;;;;
Indonesia;2022-04-11;27375319100;603390300;119600;15567400;4800;490;;;;
Indonesia;2022-04-12;27375319100;603535800;145500;15571700;4300;470;;;;
Indonesia;2022-04-13;27375319100;603690900;155100;15574600;2900;460;;;;
Indonesia;2022-04-14;27375319100;603774200;83300;15579400;4800;440;;;;
Indonesia;2022-04-15;27375319100;603866400;92200;15582000;2600;440;;;;
Indonesia;2022-04-16;27375319100;603926600;60200;15584400;2400;450;;;;
Indonesia;2022-04-17;27375319100;603987300;60700;15586600;2200;460;;;;
Indonesia;2022-04-18;27375319100;604043200;55900;15590300;3700;460;;;;
Indonesia;2022-04-19;27375319100;604126900;83700;15593700;3400;460;;;;
Indonesia;2022-04-20;27375319100;604126900;0;15593700;0;460;;;;
Indonesia;2022-04-21;27375319100;604259500;132600;15601500;7800;50;;;;
Indonesia;2022-04-22;27375319100;604324600;65100;15604000;2500;510;;;;
Indonesia;2022-04-23;27375319100;604376800;52200;15606700;2700;520;;;;
Indonesia;2022-04-24;27375319100;604415000;38200;15610000;3300;520;;;;
Indonesia;2022-04-25;27375319100;604446700;31700;15613300;3300;520;;;;
Indonesia;2022-04-26;27375319100;604504300;57600;15616300;3000;530;;;;
Indonesia;2022-04-27;27375319100;604566000;61700;15619900;3600;530;;;;
Indonesia;2022-04-28;27375319100;604607200;41200;15621700;1800;50;;;;
Indonesia;2022-04-29;27375319100;604646700;39500;15624000;2300;510;;;;
Indonesia;2022-04-30;27375319100;604679600;32900;15625700;1700;510;;;;
Indonesia;2022-05-01;27375319100;604704000;24400;15627300;1600;510;;;;
Indonesia;2022-05-02;27375319100;604720800;16800;15628700;1400;50;;;;
Indonesia;2022-05-03;27375319100;604731500;10700;15630500;1800;50;;;;
Indonesia;2022-05-04;27375319100;604749100;17600;15632100;1600;520;;;;
Indonesia;2022-05-05;27375319100;604774100;25000;15634000;1900;550;;;;
Indonesia;2022-05-06;27375319100;604798600;24500;15635700;1700;620;;;;
Indonesia;2022-05-07;27375319100;604820400;21800;15637100;1400;690;;;;
Indonesia;2022-05-08;27375319100;604843100;22700;15638100;1000;750;;;;
Indonesia;2022-05-09;27375319100;604868500;25400;15639600;1500;810;;;;
Indonesia;2022-05-10;27375319100;604868500;0;15639600;0;860;;;;
Indonesia;2022-05-11;27375319100;604868500;0;15639600;0;990;;;;
Indonesia;2022-05-12;27375319100;604987600;119100;15643800;4200;1190;;;;
Indonesia;2022-05-13;27375319100;605021100;33500;15644800;1000;1120;;;;
Indonesia;2022-05-14;27375319100;605051900;30800;15645300;500;1050;;;;
Indonesia;2022-05-15;27375319100;605077600;25700;15645800;500;100;;;;
Indonesia;2022-05-16;27375319100;605095800;18200;15646400;600;950;;;;
Indonesia;2022-05-17;27375319100;605120500;24700;15648100;1700;930;;;;
Indonesia;2022-05-18;27375319100;605153200;32700;15649800;1700;920;;;;
Indonesia;2022-05-19;27375319100;605185000;31800;15651000;1200;890;;;;
Indonesia;2022-05-20;27375319100;605210000;25000;15651300;300;90;;;;
Indonesia;2022-05-21;27375319100;605236300;26300;15651900;600;920;;;;
Indonesia;2022-05-22;27375319100;605259000;22700;15652200;300;930;;;;
Indonesia;2022-05-23;27375319100;605276400;17400;15653400;1200;940;;;;
Indonesia;2022-05-24;27375319100;605310900;34500;15654800;1400;950;;;;
Indonesia;2022-05-25;27375319100;605342400;31500;15655300;500;950;;;;
Indonesia;2022-05-26;27375319100;605367000;24600;15655600;300;940;;;;
Indonesia;2022-05-27;27375319100;605389400;22400;15656500;900;970;;;;
Indonesia;2022-05-28;27375319100;605417300;27900;15657300;800;1010;;;;
Indonesia;2022-05-29;27375319100;605441500;24200;15657400;100;1050;;;;
Indonesia;2022-05-30;27375319100;605463300;21800;15658600;1200;1080;;;;
Indonesia;2022-05-31;27375319100;605497300;34000;15659100;500;1110;;;;
Indonesia;2022-06-01;27375319100;605534100;36800;15659400;300;1140;;;;
Indonesia;2022-06-02;27375319100;605564500;30400;15660000;600;1160;;;;
Indonesia;2022-06-03;27375319100;605601700;37200;15660400;400;1220;;;;
Indonesia;2022-06-04;27375319100;605641200;39500;15661000;600;1260;;;;
Indonesia;2022-06-05;27375319100;605680000;38800;15661500;500;130;;;;
Indonesia;2022-06-06;27375319100;605714200;34200;15662200;700;1330;;;;
Indonesia;2022-06-07;27375319100;605766000;51800;15662400;200;1360;;;;
Indonesia;2022-06-08;27375319100;605818000;52000;15662800;400;1370;;;;
Indonesia;2022-06-09;27375319100;605873600;55600;15663500;700;140;;;;
Indonesia;2022-06-10;27375319100;605936300;62700;15663800;300;1440;;;;
Indonesia;2022-06-11;27375319100;605993700;57400;15664100;300;1470;;;;
Indonesia;2022-06-12;27375319100;606048800;55100;15664300;200;150;;;;
Indonesia;2022-06-13;27375319100;606107900;59100;15665200;900;1550;;;;
Indonesia;2022-06-14;27375319100;606200900;93000;15666200;1000;1590;;;;
Indonesia;2022-06-15;27375319100;606325100;124200;15667000;800;1620;;;;
Indonesia;2022-06-16;27375319100;606442400;117300;15667300;300;1620;;;;
Indonesia;2022-06-17;27375319100;606564400;122000;15667900;600;1610;;;;
Indonesia;2022-06-18;27375319100;606690800;126400;15668400;500;160;;;;
Indonesia;2022-06-19;27375319100;606807500;116700;15668700;300;1580;;;;
Indonesia;2022-06-20;27375319100;606925500;118000;15669500;800;1570;;;;
Indonesia;2022-06-21;27375319100;607093300;167800;15670000;500;1550;;;;
Indonesia;2022-06-22;27375319100;607291800;198500;15670200;200;1530;;;;
Indonesia;2022-06-23;27375319100;607482500;190700;15670600;400;1490;;;;
Indonesia;2022-06-24;27375319100;607689400;206900;15671100;500;1460;;;;
Indonesia;2022-06-25;27375319100;607872500;183100;15671400;300;1410;;;;
Indonesia;2022-06-26;27375319100;608045100;172600;15671700;300;1370;;;;
Indonesia;2022-06-27;27375319100;608189600;144500;15672600;900;1330;;;;
Indonesia;2022-06-28;27375319100;608406300;216700;15672800;200;130;;;;
Indonesia;2022-06-29;27375319100;608621200;214900;15673100;300;1260;;;;
Indonesia;2022-06-30;27375319100;608846000;224800;15673700;600;1240;;;;
Indonesia;2022-07-01;27375319100;609050900;204900;15674000;300;1220;;;;
Indonesia;2022-07-02;27375319100;609230300;179400;15674500;500;1210;;;;
Indonesia;2022-07-03;27375319100;609391700;161400;15674900;400;1210;;;;
Indonesia;2022-07-04;27375319100;609535100;143400;15675800;900;1220;;;;
Indonesia;2022-07-05;27375319100;609792800;257700;15676600;800;1230;;;;
Indonesia;2022-07-06;27375319100;610067100;274300;15677000;400;1240;;;;
Indonesia;2022-07-07;27375319100;610355200;288100;15677600;600;1250;;;;
Indonesia;2022-07-08;27375319100;610602400;247200;15678100;500;1260;;;;
Indonesia;2022-07-09;27375319100;610872900;270500;15678500;400;1270;;;;
Indonesia;2022-07-10;27375319100;611130500;257600;15679100;600;1270;;;;
Indonesia;2022-07-11;27375319100;611298600;168100;15679800;700;1270;;;;
Indonesia;2022-07-12;27375319100;611634700;336100;15680600;800;1290;;;;
Indonesia;2022-07-13;27375319100;612016900;382200;15681800;1200;1310;;;;
Indonesia;2022-07-14;27375319100;612375300;358400;15682700;900;1310;;;;
Indonesia;2022-07-15;27375319100;612708400;333100;15683300;600;1330;;;;
Indonesia;2022-07-16;27375319100;613141300;432900;15683900;600;1350;;;;
Indonesia;2022-07-17;27375319100;613495300;354000;15684900;1000;1350;;;;
Indonesia;2022-07-18;27375319100;613834600;339300;15685900;1000;1350;;;;
Indonesia;2022-07-19;27375319100;614343100;508500;15686500;600;1340;;;;
Indonesia;2022-07-20;27375319100;614908400;565300;15687500;1000;1330;;;;
Indonesia;2022-07-21;27375319100;615449400;541000;15688000;500;1310;;;;
Indonesia;2022-07-22;27375319100;615932800;483400;15689300;1300;1280;;;;
Indonesia;2022-07-23;27375319100;616427100;494300;15690200;900;1260;;;;
Indonesia;2022-07-24;27375319100;616834200;407100;15690200;0;1250;;;;
Indonesia;2022-07-25;27375319100;617239000;404800;15691600;1400;1240;;;;
Indonesia;2022-07-26;27375319100;617887300;648300;15692900;1300;1230;;;;
Indonesia;2022-07-27;27375319100;618531100;643800;15694000;1100;120;;;;
Indonesia;2022-07-28;27375319100;619166400;635300;15695700;1700;1180;;;;
Indonesia;2022-07-29;27375319100;619749500;583100;15697000;1300;1150;;;;
Indonesia;2022-07-30;27375319100;620289300;539800;15698300;1300;1130;;;;
Indonesia;2022-07-31;27375319100;620709800;420500;15699300;1000;110;;;;
Indonesia;2022-08-01;27375319100;621079400;369600;15700400;1100;1090;;;;
Indonesia;2022-08-02;27375319100;621662100;582700;15702800;2400;1080;;;;
Indonesia;2022-08-03;27375319100;622278800;616700;15704600;1800;1070;;;;
Indonesia;2022-08-04;27375319100;622931500;652700;15706000;1400;1070;;;;
Indonesia;2022-08-05;27375319100;623524400;592900;15707200;1200;1060;;;;
Indonesia;2022-08-06;27375319100;624069900;545500;15708200;1000;1050;;;;
Indonesia;2022-08-07;27375319100;624497800;427900;15709500;1300;1040;;;;
Indonesia;2022-08-08;27375319100;624940300;442500;15711300;1800;1030;;;;
Indonesia;2022-08-09;27375319100;625567900;627600;15713100;1800;1020;;;;
Indonesia;2022-08-10;27375319100;626160500;592600;15714900;1800;100;;;;
Indonesia;2022-08-11;27375319100;626713700;553200;15717100;2200;990;;;;
Indonesia;2022-08-12;27375319100;627322800;609100;15718900;1800;990;;;;
Indonesia;2022-08-13;27375319100;627833200;510400;15720800;1900;980;;;;
Indonesia;2022-08-14;27375319100;628277400;444200;15722600;1800;970;;;;
Indonesia;2022-08-15;27375319100;628636200;358800;15725200;2600;950;;;;
Indonesia;2022-08-16;27375319100;629223100;586900;15727700;2500;940;;;;
Indonesia;2022-08-17;27375319100;629748400;525300;15729600;1900;920;;;;
Indonesia;2022-08-18;27375319100;630152300;403900;15731700;2100;920;;;;
Indonesia;2022-08-19;27375319100;630668600;516300;15734300;2600;930;;;;
Indonesia;2022-08-20;27375319100;631160800;492200;15736500;2200;940;;;;
Indonesia;2022-08-21;27375319100;631555700;394900;15737700;1200;940;;;;
Indonesia;2022-08-22;27375319100;631885700;330000;15739600;1900;930;;;;
Indonesia;2022-08-23;27375319100;632371500;485800;15742000;2400;930;;;;
Indonesia;2022-08-24;27375319100;632914300;542800;15743800;1800;930;;;;
Indonesia;2022-08-25;27375319100;633435700;521400;15745700;1900;930;;;;
Indonesia;2022-08-26;27375319100;633890600;454900;15747800;2100;920;;;;
Indonesia;2022-08-27;27375319100;634307600;417000;15749300;1500;910;;;;
Indonesia;2022-08-28;27375319100;634630400;322800;15750000;700;90;;;;
Indonesia;2022-08-29;27375319100;634917500;287100;15752100;2100;90;;;;
Indonesia;2022-08-30;27375319100;635424500;507000;15754100;2000;890;;;;
Indonesia;2022-08-31;27375319100;635880800;456300;15756600;2500;880;;;;
Indonesia;2022-09-01;27375319100;636290200;409400;15759100;2500;870;;;;
Indonesia;2022-09-02;27375319100;636651800;361600;15760800;1700;860;;;;
Indonesia;2022-09-03;27375319100;636977800;326000;15763100;2300;850;;;;
Indonesia;2022-09-04;27375319100;637254200;276400;15764700;1600;;;;;
Indonesia;2022-09-05;27375319100;637488200;234000;15766800;2100;;;;;
Indonesia;2022-09-06;27375319100;637848900;360700;15769600;2800;;;;;
Indonesia;2022-09-07;27375319100;638200200;351300;15771700;2100;;;;;
