location;date;new_tests;positive_rate;tests_per_case;tests_units;total_vaccinations;people_vaccinated;people_fully_vaccinated;total_boosters;new_vaccinations;population_density;median_age;aged_65_older;aged_70_older;female_smokers;male_smokers;handwashing_facilities
Indonesia;2020-03-02;;;;;;;;;;1457250;2930;53190;30530;28;761;642040
Indonesia;2020-03-03;;;;;;;;;;1457250;2930;53190;30530;28;761;642040
Indonesia;2020-03-04;;;;;;;;;;1457250;2930;53190;30530;28;761;642040
Indonesia;2020-03-05;;;;;;;;;;1457250;2930;53190;30530;28;761;642040
Indonesia;2020-03-06;;;;;;;;;;1457250;2930;53190;30530;28;761;642040
Indonesia;2020-03-07;;;;;;;;;;1457250;2930;53190;30530;28;761;642040
Indonesia;2020-03-08;;;;;;;;;;1457250;2930;53190;30530;28;761;642040
Indonesia;2020-03-09;;;;;;;;;;1457250;2930;53190;30530;28;761;642040
Indonesia;2020-03-10;;;;;;;;;;1457250;2930;53190;30530;28;761;642040
Indonesia;2020-03-11;;;;;;;;;;1457250;2930;53190;30530;28;761;642040
Indonesia;2020-03-12;;;;;;;;;;1457250;2930;53190;30530;28;761;642040
Indonesia;2020-03-13;;;;;;;;;;1457250;2930;53190;30530;28;761;642040
Indonesia;2020-03-14;;;;;;;;;;1457250;2930;53190;30530;28;761;642040
Indonesia;2020-03-15;;;;;;;;;;1457250;2930;53190;30530;28;761;642040
Indonesia;2020-03-16;;;;;;;;;;1457250;2930;53190;30530;28;761;642040
Indonesia;2020-03-17;;;;;;;;;;1457250;2930;53190;30530;28;761;642040
Indonesia;2020-03-18;;;;;;;;;;1457250;2930;53190;30530;28;761;642040
Indonesia;2020-03-19;;;;;;;;;;1457250;2930;53190;30530;28;761;642040
Indonesia;2020-03-20;;;;;;;;;;1457250;2930;53190;30530;28;761;642040
Indonesia;2020-03-21;;;;;;;;;;1457250;2930;53190;30530;28;761;642040
Indonesia;2020-03-22;;;;;;;;;;1457250;2930;53190;30530;28;761;642040
Indonesia;2020-03-23;;;;;;;;;;1457250;2930;53190;30530;28;761;642040
Indonesia;2020-03-24;;;;;;;;;;1457250;2930;53190;30530;28;761;642040
Indonesia;2020-03-25;;;;;;;;;;1457250;2930;53190;30530;28;761;642040
Indonesia;2020-03-26;;;;;;;;;;1457250;2930;53190;30530;28;761;642040
Indonesia;2020-03-27;;;;;;;;;;1457250;2930;53190;30530;28;761;642040
Indonesia;2020-03-28;;;;;;;;;;1457250;2930;53190;30530;28;761;642040
Indonesia;2020-03-29;;;;;;;;;;1457250;2930;53190;30530;28;761;642040
Indonesia;2020-03-30;;;;;;;;;;1457250;2930;53190;30530;28;761;642040
Indonesia;2020-03-31;;;;;;;;;;1457250;2930;53190;30530;28;761;642040
Indonesia;2020-04-01;;;;;;;;;;1457250;2930;53190;30530;28;761;642040
Indonesia;2020-04-02;;;;;;;;;;1457250;2930;53190;30530;28;761;642040
Indonesia;2020-04-03;;;;;;;;;;1457250;2930;53190;30530;28;761;642040
Indonesia;2020-04-04;;;;;;;;;;1457250;2930;53190;30530;28;761;642040
Indonesia;2020-04-05;;;;;;;;;;1457250;2930;53190;30530;28;761;642040
Indonesia;2020-04-06;;;;;;;;;;1457250;2930;53190;30530;28;761;642040
Indonesia;2020-04-07;;;;;;;;;;1457250;2930;53190;30530;28;761;642040
Indonesia;2020-04-08;;;;;;;;;;1457250;2930;53190;30530;28;761;642040
Indonesia;2020-04-09;;;;;;;;;;1457250;2930;53190;30530;28;761;642040
Indonesia;2020-04-10;;;;;;;;;;1457250;2930;53190;30530;28;761;642040
Indonesia;2020-04-11;;;;;;;;;;1457250;2930;53190;30530;28;761;642040
Indonesia;2020-04-12;;;;;;;;;;1457250;2930;53190;30530;28;761;642040
Indonesia;2020-04-13;;;;;;;;;;1457250;2930;53190;30530;28;761;642040
Indonesia;2020-04-14;;;;;;;;;;1457250;2930;53190;30530;28;761;642040
Indonesia;2020-04-15;;;;;;;;;;1457250;2930;53190;30530;28;761;642040
Indonesia;2020-04-16;;;;;;;;;;1457250;2930;53190;30530;28;761;642040
Indonesia;2020-04-17;;;;;;;;;;1457250;2930;53190;30530;28;761;642040
Indonesia;2020-04-18;;;;;;;;;;1457250;2930;53190;30530;28;761;642040
Indonesia;2020-04-19;;;;;;;;;;1457250;2930;53190;30530;28;761;642040
Indonesia;2020-04-20;;;;;;;;;;1457250;2930;53190;30530;28;761;642040
Indonesia;2020-04-21;;;;;;;;;;1457250;2930;53190;30530;28;761;642040
Indonesia;2020-04-22;;;;;;;;;;1457250;2930;53190;30530;28;761;642040
Indonesia;2020-04-23;;;;;;;;;;1457250;2930;53190;30530;28;761;642040
Indonesia;2020-04-24;;;;;;;;;;1457250;2930;53190;30530;28;761;642040
Indonesia;2020-04-25;;;;;;;;;;1457250;2930;53190;30530;28;761;642040
Indonesia;2020-04-26;;;;;;;;;;1457250;2930;53190;30530;28;761;642040
Indonesia;2020-04-27;;;;;;;;;;1457250;2930;53190;30530;28;761;642040
Indonesia;2020-04-28;;;;;;;;;;1457250;2930;53190;30530;28;761;642040
Indonesia;2020-04-29;;;;;;;;;;1457250;2930;53190;30530;28;761;642040
Indonesia;2020-04-30;;;;;;;;;;1457250;2930;53190;30530;28;761;642040
Indonesia;2020-05-01;;;;;;;;;;1457250;2930;53190;30530;28;761;642040
Indonesia;2020-05-02;;;;;;;;;;1457250;2930;53190;30530;28;761;642040
Indonesia;2020-05-03;;;;;;;;;;1457250;2930;53190;30530;28;761;642040
Indonesia;2020-05-04;;;;;;;;;;1457250;2930;53190;30530;28;761;642040
Indonesia;2020-05-05;;;;;;;;;;1457250;2930;53190;30530;28;761;642040
Indonesia;2020-05-06;;;;;;;;;;1457250;2930;53190;30530;28;761;642040
Indonesia;2020-05-07;;;;;;;;;;1457250;2930;53190;30530;28;761;642040
Indonesia;2020-05-08;;;;;;;;;;1457250;2930;53190;30530;28;761;642040
Indonesia;2020-05-09;;;;;;;;;;1457250;2930;53190;30530;28;761;642040
Indonesia;2020-05-10;;;;;;;;;;1457250;2930;53190;30530;28;761;642040
Indonesia;2020-05-11;;;;;;;;;;1457250;2930;53190;30530;28;761;642040
Indonesia;2020-05-12;;;;;;;;;;1457250;2930;53190;30530;28;761;642040
Indonesia;2020-05-13;;;;;;;;;;1457250;2930;53190;30530;28;761;642040
Indonesia;2020-05-14;;;;;;;;;;1457250;2930;53190;30530;28;761;642040
Indonesia;2020-05-15;;;;;;;;;;1457250;2930;53190;30530;28;761;642040
Indonesia;2020-05-16;;;;;;;;;;1457250;2930;53190;30530;28;761;642040
Indonesia;2020-05-17;;;;;;;;;;1457250;2930;53190;30530;28;761;642040
Indonesia;2020-05-18;;;;;;;;;;1457250;2930;53190;30530;28;761;642040
Indonesia;2020-05-19;;;;;;;;;;1457250;2930;53190;30530;28;761;642040
Indonesia;2020-05-20;;;;;;;;;;1457250;2930;53190;30530;28;761;642040
Indonesia;2020-05-21;;;;;;;;;;1457250;2930;53190;30530;28;761;642040
Indonesia;2020-05-22;;;;;;;;;;1457250;2930;53190;30530;28;761;642040
Indonesia;2020-05-23;;;;;;;;;;1457250;2930;53190;30530;28;761;642040
Indonesia;2020-05-24;;;;;;;;;;1457250;2930;53190;30530;28;761;642040
Indonesia;2020-05-25;;;;;;;;;;1457250;2930;53190;30530;28;761;642040
Indonesia;2020-05-26;;;;;;;;;;1457250;2930;53190;30530;28;761;642040
Indonesia;2020-05-27;;;;;;;;;;1457250;2930;53190;30530;28;761;642040
Indonesia;2020-05-28;;;;;;;;;;1457250;2930;53190;30530;28;761;642040
Indonesia;2020-05-29;;;;;;;;;;1457250;2930;53190;30530;28;761;642040
Indonesia;2020-05-30;;;;;;;;;;1457250;2930;53190;30530;28;761;642040
Indonesia;2020-05-31;;;;;;;;;;1457250;2930;53190;30530;28;761;642040
Indonesia;2020-06-01;;;;;;;;;;1457250;2930;53190;30530;28;761;642040
Indonesia;2020-06-02;;;;;;;;;;1457250;2930;53190;30530;28;761;642040
Indonesia;2020-06-03;;;;;;;;;;1457250;2930;53190;30530;28;761;642040
Indonesia;2020-06-04;;;;;;;;;;1457250;2930;53190;30530;28;761;642040
Indonesia;2020-06-05;;;;;;;;;;1457250;2930;53190;30530;28;761;642040
Indonesia;2020-06-06;;;;;;;;;;1457250;2930;53190;30530;28;761;642040
Indonesia;2020-06-07;;;;;;;;;;1457250;2930;53190;30530;28;761;642040
Indonesia;2020-06-08;;;;;;;;;;1457250;2930;53190;30530;28;761;642040
Indonesia;2020-06-09;;;;;;;;;;1457250;2930;53190;30530;28;761;642040
Indonesia;2020-06-10;;;;;;;;;;1457250;2930;53190;30530;28;761;642040
Indonesia;2020-06-11;;;;;;;;;;1457250;2930;53190;30530;28;761;642040
Indonesia;2020-06-12;;;;;;;;;;1457250;2930;53190;30530;28;761;642040
Indonesia;2020-06-13;;;;;;;;;;1457250;2930;53190;30530;28;761;642040
Indonesia;2020-06-14;;;;;;;;;;1457250;2930;53190;30530;28;761;642040
Indonesia;2020-06-15;;;;;;;;;;1457250;2930;53190;30530;28;761;642040
Indonesia;2020-06-16;;;;;;;;;;1457250;2930;53190;30530;28;761;642040
Indonesia;2020-06-17;;;;;;;;;;1457250;2930;53190;30530;28;761;642040
Indonesia;2020-06-18;;;;;;;;;;1457250;2930;53190;30530;28;761;642040
Indonesia;2020-06-19;;;;;;;;;;1457250;2930;53190;30530;28;761;642040
Indonesia;2020-06-20;;;;;;;;;;1457250;2930;53190;30530;28;761;642040
Indonesia;2020-06-21;;;;;;;;;;1457250;2930;53190;30530;28;761;642040
Indonesia;2020-06-22;;;;;;;;;;1457250;2930;53190;30530;28;761;642040
Indonesia;2020-06-23;;;;;;;;;;1457250;2930;53190;30530;28;761;642040
Indonesia;2020-06-24;;;;;;;;;;1457250;2930;53190;30530;28;761;642040
Indonesia;2020-06-25;;;;;;;;;;1457250;2930;53190;30530;28;761;642040
Indonesia;2020-06-26;;;;;;;;;;1457250;2930;53190;30530;28;761;642040
Indonesia;2020-06-27;;;;;;;;;;1457250;2930;53190;30530;28;761;642040
Indonesia;2020-06-28;;;;;;;;;;1457250;2930;53190;30530;28;761;642040
Indonesia;2020-06-29;;;;;;;;;;1457250;2930;53190;30530;28;761;642040
Indonesia;2020-06-30;;;;;;;;;;1457250;2930;53190;30530;28;761;642040
Indonesia;2020-07-01;;;;;;;;;;1457250;2930;53190;30530;28;761;642040
Indonesia;2020-07-02;;;;;;;;;;1457250;2930;53190;30530;28;761;642040
Indonesia;2020-07-03;;;;;;;;;;1457250;2930;53190;30530;28;761;642040
Indonesia;2020-07-04;;;;;;;;;;1457250;2930;53190;30530;28;761;642040
Indonesia;2020-07-05;;;;;;;;;;1457250;2930;53190;30530;28;761;642040
Indonesia;2020-07-06;;;;;;;;;;1457250;2930;53190;30530;28;761;642040
Indonesia;2020-07-07;;;;;;;;;;1457250;2930;53190;30530;28;761;642040
Indonesia;2020-07-08;;;;;;;;;;1457250;2930;53190;30530;28;761;642040
Indonesia;2020-07-09;;;;;;;;;;1457250;2930;53190;30530;28;761;642040
Indonesia;2020-07-10;;;;;;;;;;1457250;2930;53190;30530;28;761;642040
Indonesia;2020-07-11;;;;;;;;;;1457250;2930;53190;30530;28;761;642040
Indonesia;2020-07-12;;;;;;;;;;1457250;2930;53190;30530;28;761;642040
Indonesia;2020-07-13;;;;;;;;;;1457250;2930;53190;30530;28;761;642040
Indonesia;2020-07-14;;;;;;;;;;1457250;2930;53190;30530;28;761;642040
Indonesia;2020-07-15;;;;;;;;;;1457250;2930;53190;30530;28;761;642040
Indonesia;2020-07-16;;;;;;;;;;1457250;2930;53190;30530;28;761;642040
Indonesia;2020-07-17;;;;;;;;;;1457250;2930;53190;30530;28;761;642040
Indonesia;2020-07-18;;;;;;;;;;1457250;2930;53190;30530;28;761;642040
Indonesia;2020-07-19;;;;;;;;;;1457250;2930;53190;30530;28;761;642040
Indonesia;2020-07-20;;;;;;;;;;1457250;2930;53190;30530;28;761;642040
Indonesia;2020-07-21;;;;;;;;;;1457250;2930;53190;30530;28;761;642040
Indonesia;2020-07-22;;;;;;;;;;1457250;2930;53190;30530;28;761;642040
Indonesia;2020-07-23;;;;;;;;;;1457250;2930;53190;30530;28;761;642040
Indonesia;2020-07-24;;;;;;;;;;1457250;2930;53190;30530;28;761;642040
Indonesia;2020-07-25;;;;;;;;;;1457250;2930;53190;30530;28;761;642040
Indonesia;2020-07-26;;;;;;;;;;1457250;2930;53190;30530;28;761;642040
Indonesia;2020-07-27;;;;;;;;;;1457250;2930;53190;30530;28;761;642040
Indonesia;2020-07-28;;;;;;;;;;1457250;2930;53190;30530;28;761;642040
Indonesia;2020-07-29;;;;;;;;;;1457250;2930;53190;30530;28;761;642040
Indonesia;2020-07-30;;;;;;;;;;1457250;2930;53190;30530;28;761;642040
Indonesia;2020-07-31;;;;;;;;;;1457250;2930;53190;30530;28;761;642040
Indonesia;2020-08-01;;;;;;;;;;1457250;2930;53190;30530;28;761;642040
Indonesia;2020-08-02;;;;;;;;;;1457250;2930;53190;30530;28;761;642040
Indonesia;2020-08-03;;;;;;;;;;1457250;2930;53190;30530;28;761;642040
Indonesia;2020-08-04;;;;;;;;;;1457250;2930;53190;30530;28;761;642040
Indonesia;2020-08-05;;;;;;;;;;1457250;2930;53190;30530;28;761;642040
Indonesia;2020-08-06;;;;;;;;;;1457250;2930;53190;30530;28;761;642040
Indonesia;2020-08-07;;;;;;;;;;1457250;2930;53190;30530;28;761;642040
Indonesia;2020-08-08;;;;;;;;;;1457250;2930;53190;30530;28;761;642040
Indonesia;2020-08-09;;;;;;;;;;1457250;2930;53190;30530;28;761;642040
Indonesia;2020-08-10;;;;;;;;;;1457250;2930;53190;30530;28;761;642040
Indonesia;2020-08-11;;;;;;;;;;1457250;2930;53190;30530;28;761;642040
Indonesia;2020-08-12;;;;;;;;;;1457250;2930;53190;30530;28;761;642040
Indonesia;2020-08-13;;;;;;;;;;1457250;2930;53190;30530;28;761;642040
Indonesia;2020-08-14;;;;;;;;;;1457250;2930;53190;30530;28;761;642040
Indonesia;2020-08-15;;;;;;;;;;1457250;2930;53190;30530;28;761;642040
Indonesia;2020-08-16;;;;;;;;;;1457250;2930;53190;30530;28;761;642040
Indonesia;2020-08-17;;;;;;;;;;1457250;2930;53190;30530;28;761;642040
Indonesia;2020-08-18;;;;;;;;;;1457250;2930;53190;30530;28;761;642040
Indonesia;2020-08-19;;;;;;;;;;1457250;2930;53190;30530;28;761;642040
Indonesia;2020-08-20;;;;;;;;;;1457250;2930;53190;30530;28;761;642040
Indonesia;2020-08-21;;;;;;;;;;1457250;2930;53190;30530;28;761;642040
Indonesia;2020-08-22;;;;;;;;;;1457250;2930;53190;30530;28;761;642040
Indonesia;2020-08-23;;;;;;;;;;1457250;2930;53190;30530;28;761;642040
Indonesia;2020-08-24;;;;;;;;;;1457250;2930;53190;30530;28;761;642040
Indonesia;2020-08-25;;;;;;;;;;1457250;2930;53190;30530;28;761;642040
Indonesia;2020-08-26;;;;;;;;;;1457250;2930;53190;30530;28;761;642040
Indonesia;2020-08-27;;;;;;;;;;1457250;2930;53190;30530;28;761;642040
Indonesia;2020-08-28;;;;;;;;;;1457250;2930;53190;30530;28;761;642040
Indonesia;2020-08-29;;;;;;;;;;1457250;2930;53190;30530;28;761;642040
Indonesia;2020-08-30;;;;;;;;;;1457250;2930;53190;30530;28;761;642040
Indonesia;2020-08-31;;;;;;;;;;1457250;2930;53190;30530;28;761;642040
Indonesia;2020-09-01;;;;;;;;;;1457250;2930;53190;30530;28;761;642040
Indonesia;2020-09-02;;;;;;;;;;1457250;2930;53190;30530;28;761;642040
Indonesia;2020-09-03;;;;;;;;;;1457250;2930;53190;30530;28;761;642040
Indonesia;2020-09-04;;;;;;;;;;1457250;2930;53190;30530;28;761;642040
Indonesia;2020-09-05;;;;;;;;;;1457250;2930;53190;30530;28;761;642040
Indonesia;2020-09-06;;;;;;;;;;1457250;2930;53190;30530;28;761;642040
Indonesia;2020-09-07;;;;;;;;;;1457250;2930;53190;30530;28;761;642040
Indonesia;2020-09-08;;;;;;;;;;1457250;2930;53190;30530;28;761;642040
Indonesia;2020-09-09;;;;;;;;;;1457250;2930;53190;30530;28;761;642040
Indonesia;2020-09-10;;;;;;;;;;1457250;2930;53190;30530;28;761;642040
Indonesia;2020-09-11;;;;;;;;;;1457250;2930;53190;30530;28;761;642040
Indonesia;2020-09-12;;;;;;;;;;1457250;2930;53190;30530;28;761;642040
Indonesia;2020-09-13;;;;;;;;;;1457250;2930;53190;30530;28;761;642040
Indonesia;2020-09-14;;;;;;;;;;1457250;2930;53190;30530;28;761;642040
Indonesia;2020-09-15;;;;;;;;;;1457250;2930;53190;30530;28;761;642040
Indonesia;2020-09-16;;;;;;;;;;1457250;2930;53190;30530;28;761;642040
Indonesia;2020-09-17;;;;;;;;;;1457250;2930;53190;30530;28;761;642040
Indonesia;2020-09-18;;;;;;;;;;1457250;2930;53190;30530;28;761;642040
Indonesia;2020-09-19;;;;;;;;;;1457250;2930;53190;30530;28;761;642040
Indonesia;2020-09-20;;;;;;;;;;1457250;2930;53190;30530;28;761;642040
Indonesia;2020-09-21;;;;;;;;;;1457250;2930;53190;30530;28;761;642040
Indonesia;2020-09-22;;;;;;;;;;1457250;2930;53190;30530;28;761;642040
Indonesia;2020-09-23;;;;;;;;;;1457250;2930;53190;30530;28;761;642040
Indonesia;2020-09-24;;;;;;;;;;1457250;2930;53190;30530;28;761;642040
Indonesia;2020-09-25;;;;;;;;;;1457250;2930;53190;30530;28;761;642040
Indonesia;2020-09-26;;;;;;;;;;1457250;2930;53190;30530;28;761;642040
Indonesia;2020-09-27;;;;;;;;;;1457250;2930;53190;30530;28;761;642040
Indonesia;2020-09-28;;;;;;;;;;1457250;2930;53190;30530;28;761;642040
Indonesia;2020-09-29;;;;;;;;;;1457250;2930;53190;30530;28;761;642040
Indonesia;2020-09-30;;;;;;;;;;1457250;2930;53190;30530;28;761;642040
Indonesia;2020-10-01;;;;;;;;;;1457250;2930;53190;30530;28;761;642040
Indonesia;2020-10-02;;;;;;;;;;1457250;2930;53190;30530;28;761;642040
Indonesia;2020-10-03;;;;;;;;;;1457250;2930;53190;30530;28;761;642040
Indonesia;2020-10-04;;;;;;;;;;1457250;2930;53190;30530;28;761;642040
Indonesia;2020-10-05;;;;;;;;;;1457250;2930;53190;30530;28;761;642040
Indonesia;2020-10-06;;;;;;;;;;1457250;2930;53190;30530;28;761;642040
Indonesia;2020-10-07;;;;;;;;;;1457250;2930;53190;30530;28;761;642040
Indonesia;2020-10-08;;;;;;;;;;1457250;2930;53190;30530;28;761;642040
Indonesia;2020-10-09;;;;;;;;;;1457250;2930;53190;30530;28;761;642040
Indonesia;2020-10-10;;;;;;;;;;1457250;2930;53190;30530;28;761;642040
Indonesia;2020-10-11;;;;;;;;;;1457250;2930;53190;30530;28;761;642040
Indonesia;2020-10-12;;;;;;;;;;1457250;2930;53190;30530;28;761;642040
Indonesia;2020-10-13;;;;;;;;;;1457250;2930;53190;30530;28;761;642040
Indonesia;2020-10-14;;;;;;;;;;1457250;2930;53190;30530;28;761;642040
Indonesia;2020-10-15;;;;;;;;;;1457250;2930;53190;30530;28;761;642040
Indonesia;2020-10-16;;;;;;;;;;1457250;2930;53190;30530;28;761;642040
Indonesia;2020-10-17;;;;;;;;;;1457250;2930;53190;30530;28;761;642040
Indonesia;2020-10-18;;;;;;;;;;1457250;2930;53190;30530;28;761;642040
Indonesia;2020-10-19;;;;;;;;;;1457250;2930;53190;30530;28;761;642040
Indonesia;2020-10-20;;;;;;;;;;1457250;2930;53190;30530;28;761;642040
Indonesia;2020-10-21;;;;;;;;;;1457250;2930;53190;30530;28;761;642040
Indonesia;2020-10-22;;;;;;;;;;1457250;2930;53190;30530;28;761;642040
Indonesia;2020-10-23;;;;;;;;;;1457250;2930;53190;30530;28;761;642040
Indonesia;2020-10-24;;;;;;;;;;1457250;2930;53190;30530;28;761;642040
Indonesia;2020-10-25;;;;;;;;;;1457250;2930;53190;30530;28;761;642040
Indonesia;2020-10-26;;;;;;;;;;1457250;2930;53190;30530;28;761;642040
Indonesia;2020-10-27;;;;;;;;;;1457250;2930;53190;30530;28;761;642040
Indonesia;2020-10-28;;;;;;;;;;1457250;2930;53190;30530;28;761;642040
Indonesia;2020-10-29;;;;;;;;;;1457250;2930;53190;30530;28;761;642040
Indonesia;2020-10-30;;;;;;;;;;1457250;2930;53190;30530;28;761;642040
Indonesia;2020-10-31;;;;;;;;;;1457250;2930;53190;30530;28;761;642040
Indonesia;2020-11-01;;;;;;;;;;1457250;2930;53190;30530;28;761;642040
Indonesia;2020-11-02;;;;;;;;;;1457250;2930;53190;30530;28;761;642040
Indonesia;2020-11-03;;;;;;;;;;1457250;2930;53190;30530;28;761;642040
Indonesia;2020-11-04;;;;;;;;;;1457250;2930;53190;30530;28;761;642040
Indonesia;2020-11-05;;;;;;;;;;1457250;2930;53190;30530;28;761;642040
Indonesia;2020-11-06;;;;;;;;;;1457250;2930;53190;30530;28;761;642040
Indonesia;2020-11-07;;;;;;;;;;1457250;2930;53190;30530;28;761;642040
Indonesia;2020-11-08;;;;;;;;;;1457250;2930;53190;30530;28;761;642040
Indonesia;2020-11-09;;;;;;;;;;1457250;2930;53190;30530;28;761;642040
Indonesia;2020-11-10;;;;;;;;;;1457250;2930;53190;30530;28;761;642040
Indonesia;2020-11-11;;;;;;;;;;1457250;2930;53190;30530;28;761;642040
Indonesia;2020-11-12;;;;;;;;;;1457250;2930;53190;30530;28;761;642040
Indonesia;2020-11-13;;;;;;;;;;1457250;2930;53190;30530;28;761;642040
Indonesia;2020-11-14;;;;;;;;;;1457250;2930;53190;30530;28;761;642040
Indonesia;2020-11-15;;;;;;;;;;1457250;2930;53190;30530;28;761;642040
Indonesia;2020-11-16;;;;;;;;;;1457250;2930;53190;30530;28;761;642040
Indonesia;2020-11-17;;;;;;;;;;1457250;2930;53190;30530;28;761;642040
Indonesia;2020-11-18;;;;;;;;;;1457250;2930;53190;30530;28;761;642040
Indonesia;2020-11-19;;;;;;;;;;1457250;2930;53190;30530;28;761;642040
Indonesia;2020-11-20;;;;;;;;;;1457250;2930;53190;30530;28;761;642040
Indonesia;2020-11-21;;;;;;;;;;1457250;2930;53190;30530;28;761;642040
Indonesia;2020-11-22;;;;;;;;;;1457250;2930;53190;30530;28;761;642040
Indonesia;2020-11-23;;;;;;;;;;1457250;2930;53190;30530;28;761;642040
Indonesia;2020-11-24;;;;;;;;;;1457250;2930;53190;30530;28;761;642040
Indonesia;2020-11-25;;;;;;;;;;1457250;2930;53190;30530;28;761;642040
Indonesia;2020-11-26;;;;;;;;;;1457250;2930;53190;30530;28;761;642040
Indonesia;2020-11-27;;;;;;;;;;1457250;2930;53190;30530;28;761;642040
Indonesia;2020-11-28;;;;;;;;;;1457250;2930;53190;30530;28;761;642040
Indonesia;2020-11-29;;;;;;;;;;1457250;2930;53190;30530;28;761;642040
Indonesia;2020-11-30;;;;;;;;;;1457250;2930;53190;30530;28;761;642040
Indonesia;2020-12-01;;;;;;;;;;1457250;2930;53190;30530;28;761;642040
Indonesia;2020-12-02;;;;;;;;;;1457250;2930;53190;30530;28;761;642040
Indonesia;2020-12-03;;;;;;;;;;1457250;2930;53190;30530;28;761;642040
Indonesia;2020-12-04;;;;;;;;;;1457250;2930;53190;30530;28;761;642040
Indonesia;2020-12-05;;;;;;;;;;1457250;2930;53190;30530;28;761;642040
Indonesia;2020-12-06;;;;;;;;;;1457250;2930;53190;30530;28;761;642040
Indonesia;2020-12-07;;;;;;;;;;1457250;2930;53190;30530;28;761;642040
Indonesia;2020-12-08;;;;;;;;;;1457250;2930;53190;30530;28;761;642040
Indonesia;2020-12-09;;;;;;;;;;1457250;2930;53190;30530;28;761;642040
Indonesia;2020-12-10;;;;;;;;;;1457250;2930;53190;30530;28;761;642040
Indonesia;2020-12-11;;;;;;;;;;1457250;2930;53190;30530;28;761;642040
Indonesia;2020-12-12;;;;;;;;;;1457250;2930;53190;30530;28;761;642040
Indonesia;2020-12-13;;;;;;;;;;1457250;2930;53190;30530;28;761;642040
Indonesia;2020-12-14;;;;;;;;;;1457250;2930;53190;30530;28;761;642040
Indonesia;2020-12-15;;;;;;;;;;1457250;2930;53190;30530;28;761;642040
Indonesia;2020-12-16;;;;;;;;;;1457250;2930;53190;30530;28;761;642040
Indonesia;2020-12-17;;;;;;;;;;1457250;2930;53190;30530;28;761;642040
Indonesia;2020-12-18;;;;;;;;;;1457250;2930;53190;30530;28;761;642040
Indonesia;2020-12-19;;;;;;;;;;1457250;2930;53190;30530;28;761;642040
Indonesia;2020-12-20;;;;;;;;;;1457250;2930;53190;30530;28;761;642040
Indonesia;2020-12-21;;;;;;;;;;1457250;2930;53190;30530;28;761;642040
Indonesia;2020-12-22;;;;;;;;;;1457250;2930;53190;30530;28;761;642040
Indonesia;2020-12-23;;;;;;;;;;1457250;2930;53190;30530;28;761;642040
Indonesia;2020-12-24;;;;;;;;;;1457250;2930;53190;30530;28;761;642040
Indonesia;2020-12-25;;;;;;;;;;1457250;2930;53190;30530;28;761;642040
Indonesia;2020-12-26;;;;;;;;;;1457250;2930;53190;30530;28;761;642040
Indonesia;2020-12-27;;;;;;;;;;1457250;2930;53190;30530;28;761;642040
Indonesia;2020-12-28;;;;;;;;;;1457250;2930;53190;30530;28;761;642040
Indonesia;2020-12-29;;;;;;;;;;1457250;2930;53190;30530;28;761;642040
Indonesia;2020-12-30;;;;;;;;;;1457250;2930;53190;30530;28;761;642040
Indonesia;2020-12-31;;;;;;;;;;1457250;2930;53190;30530;28;761;642040
Indonesia;2021-01-01;;;;;;;;;;1457250;2930;53190;30530;28;761;642040
Indonesia;2021-01-02;;;;;;;;;;1457250;2930;53190;30530;28;761;642040
Indonesia;2021-01-03;;;;;;;;;;1457250;2930;53190;30530;28;761;642040
Indonesia;2021-01-04;;;;;;;;;;1457250;2930;53190;30530;28;761;642040
Indonesia;2021-01-05;;;;;;;;;;1457250;2930;53190;30530;28;761;642040
Indonesia;2021-01-06;;;;;;;;;;1457250;2930;53190;30530;28;761;642040
Indonesia;2021-01-07;;;;;;;;;;1457250;2930;53190;30530;28;761;642040
Indonesia;2021-01-08;;;;;;;;;;1457250;2930;53190;30530;28;761;642040
Indonesia;2021-01-09;;;;;;;;;;1457250;2930;53190;30530;28;761;642040
Indonesia;2021-01-10;;;;;;;;;;1457250;2930;53190;30530;28;761;642040
Indonesia;2021-01-11;;;;;;;;;;1457250;2930;53190;30530;28;761;642040
Indonesia;2021-01-12;;;;;0.0;0.0;;;;1457250;2930;53190;30530;28;761;642040
Indonesia;2021-01-13;;;;;;;;;;1457250;2930;53190;30530;28;761;642040
Indonesia;2021-01-14;;;;;;;;;;1457250;2930;53190;30530;28;761;642040
Indonesia;2021-01-15;;;;;;;;;;1457250;2930;53190;30530;28;761;642040
Indonesia;2021-01-16;;;;;;;;;;1457250;2930;53190;30530;28;761;642040
Indonesia;2021-01-17;;;;;;;;;;1457250;2930;53190;30530;28;761;642040
Indonesia;2021-01-18;;;;;;;;;;1457250;2930;53190;30530;28;761;642040
Indonesia;2021-01-19;;;;;;;;;;1457250;2930;53190;30530;28;761;642040
Indonesia;2021-01-20;;;;;;;;;;1457250;2930;53190;30530;28;761;642040
Indonesia;2021-01-21;;;;;;;;;;1457250;2930;53190;30530;28;761;642040
Indonesia;2021-01-22;;;;;132000.0;132000.0;;;;1457250;2930;53190;30530;28;761;642040
Indonesia;2021-01-23;;;;;;;;;;1457250;2930;53190;30530;28;761;642040
Indonesia;2021-01-24;;;;;149242.0;149242.0;;;;1457250;2930;53190;30530;28;761;642040
Indonesia;2021-01-25;;;;;161959.0;161959.0;;;12717.0;1457250;2930;53190;30530;28;761;642040
Indonesia;2021-01-26;;;;;245685.0;245685.0;;;83726.0;1457250;2930;53190;30530;28;761;642040
Indonesia;2021-01-27;;;;;308003.0;308003.0;;;62318.0;1457250;2930;53190;30530;28;761;642040
Indonesia;2021-01-28;;;;;373786.0;368318.0;5468.0;;65783.0;1457250;2930;53190;30530;28;761;642040
Indonesia;2021-01-29;;;;;416299.0;405012.0;11287.0;;42513.0;1457250;2930;53190;30530;28;761;642040
Indonesia;2021-01-30;;;;;502955.0;482145.0;20810.0;;86656.0;1457250;2930;53190;30530;28;761;642040
Indonesia;2021-01-31;;;;;515681.0;493133.0;22548.0;;12726.0;1457250;2930;53190;30530;28;761;642040
Indonesia;2021-02-01;;;;;574938.0;539532.0;35406.0;;59257.0;1457250;2930;53190;30530;28;761;642040
Indonesia;2021-02-02;;;;;648259.0;596260.0;51999.0;;73321.0;1457250;2930;53190;30530;28;761;642040
Indonesia;2021-02-03;;;;;717647.0;646026.0;71621.0;;69388.0;1457250;2930;53190;30530;28;761;642040
Indonesia;2021-02-04;;;;;796819.0;700266.0;96553.0;;79172.0;1457250;2930;53190;30530;28;761;642040
Indonesia;2021-02-05;;;;;865609.0;744884.0;120725.0;;68790.0;1457250;2930;53190;30530;28;761;642040
Indonesia;2021-02-06;;;;;914303.0;777096.0;137207.0;;48694.0;1457250;2930;53190;30530;28;761;642040
Indonesia;2021-02-07;;;;;923449.0;784318.0;139131.0;;9146.0;1457250;2930;53190;30530;28;761;642040
Indonesia;2021-02-08;;;;;985855.0;814585.0;171270.0;;62406.0;1457250;2930;53190;30530;28;761;642040
Indonesia;2021-02-09;;;;;1066860.0;845407.0;221453.0;;81005.0;1457250;2930;53190;30530;28;761;642040
Indonesia;2021-02-10;;;;;1248797.0;969546.0;279251.0;;181937.0;1457250;2930;53190;30530;28;761;642040
Indonesia;2021-02-11;;;;;1362791.0;1017186.0;345605.0;;113994.0;1457250;2930;53190;30530;28;761;642040
Indonesia;2021-02-12;;;;;;;;;;1457250;2930;53190;30530;28;761;642040
Indonesia;2021-02-13;;;;;1475812.0;1060326.0;415486.0;;;1457250;2930;53190;30530;28;761;642040
Indonesia;2021-02-14;;;;;1494325.0;1068747.0;425578.0;;18513.0;1457250;2930;53190;30530;28;761;642040
Indonesia;2021-02-15;;;;;1578720.0;1096095.0;482625.0;;84395.0;1457250;2930;53190;30530;28;761;642040
Indonesia;2021-02-16;;;;;1658110.0;1120963.0;537147.0;;79390.0;1457250;2930;53190;30530;28;761;642040
Indonesia;2021-02-17;;;;;1747267.0;1149939.0;597328.0;;89157.0;1457250;2930;53190;30530;28;761;642040
Indonesia;2021-02-18;;;;;1787976.0;1164144.0;623832.0;;40709.0;1457250;2930;53190;30530;28;761;642040
Indonesia;2021-02-19;;;;;;;;;;1457250;2930;53190;30530;28;761;642040
Indonesia;2021-02-20;;;;;1956725.0;1224091.0;732634.0;;;1457250;2930;53190;30530;28;761;642040
Indonesia;2021-02-21;;;;;;;;;;1457250;2930;53190;30530;28;761;642040
Indonesia;2021-02-22;;;;;;;;;;1457250;2930;53190;30530;28;761;642040
Indonesia;2021-02-23;;;;;2059871.0;1269905.0;789966.0;;;1457250;2930;53190;30530;28;761;642040
Indonesia;2021-02-24;;;;;2188788.0;1363138.0;825650.0;;128917.0;1457250;2930;53190;30530;28;761;642040
Indonesia;2021-02-25;;;;;2315665.0;1461920.0;853745.0;;126877.0;1457250;2930;53190;30530;28;761;642040
Indonesia;2021-02-26;;;;;2449451.0;1583581.0;865870.0;;133786.0;1457250;2930;53190;30530;28;761;642040
Indonesia;2021-02-27;;;;;2598535.0;1616165.0;982370.0;;149084.0;1457250;2930;53190;30530;28;761;642040
Indonesia;2021-02-28;;;;;2690163.0;1691724.0;998439.0;;91628.0;1457250;2930;53190;30530;28;761;642040
Indonesia;2021-03-01;;;;;;;;;;1457250;2930;53190;30530;28;761;642040
Indonesia;2021-03-02;;;;;3023348.0;1968057.0;1055291.0;;;1457250;2930;53190;30530;28;761;642040
Indonesia;2021-03-03;;;;;3386351.0;2286123.0;1100228.0;;363003.0;1457250;2930;53190;30530;28;761;642040
Indonesia;2021-03-04;;;;;;;;;;1457250;2930;53190;30530;28;761;642040
Indonesia;2021-03-05;;;;;3528152.0;2413615.0;1114537.0;;;1457250;2930;53190;30530;28;761;642040
Indonesia;2021-03-06;;;;;;;;;;1457250;2930;53190;30530;28;761;642040
Indonesia;2021-03-07;;;;;4022544.0;2888757.0;1133787.0;;;1457250;2930;53190;30530;28;761;642040
Indonesia;2021-03-08;;;;;;;;;;1457250;2930;53190;30530;28;761;642040
Indonesia;2021-03-09;;;;;;;;;;1457250;2930;53190;30530;28;761;642040
Indonesia;2021-03-10;;;;;4837576.0;3574698.0;1262878.0;;;1457250;2930;53190;30530;28;761;642040
Indonesia;2021-03-11;;;;;4991674.0;3696059.0;1295615.0;;154098.0;1457250;2930;53190;30530;28;761;642040
Indonesia;2021-03-12;;;;;5108536.0;3769174.0;1339362.0;;116862.0;1457250;2930;53190;30530;28;761;642040
Indonesia;2021-03-13;;;;;5440432.0;3985596.0;1454836.0;;331896.0;1457250;2930;53190;30530;28;761;642040
Indonesia;2021-03-14;;;;;5480346.0;4020124.0;1460222.0;;39914.0;1457250;2930;53190;30530;28;761;642040
Indonesia;2021-03-15;;;;people tested;5739648.0;4166862.0;1572786.0;;259302.0;1457250;2930;53190;30530;28;761;642040
Indonesia;2021-03-16;47064.0;;;people tested;6185700.0;4468951.0;1716749.0;;446052.0;1457250;2930;53190;30530;28;761;642040
Indonesia;2021-03-17;58752.0;;;people tested;6581388.0;4705248.0;1876140.0;;395688.0;1457250;2930;53190;30530;28;761;642040
Indonesia;2021-03-18;35943.0;;;people tested;6787283.0;4838752.0;1948531.0;;205895.0;1457250;2930;53190;30530;28;761;642040
Indonesia;2021-03-19;45963.0;;;people tested;7027463.0;4959063.0;2068400.0;;240180.0;1457250;2930;53190;30530;28;761;642040
Indonesia;2021-03-20;43807.0;;;people tested;7346148.0;5124948.0;2221200.0;;318685.0;1457250;2930;53190;30530;28;761;642040
Indonesia;2021-03-21;26304.0;;;people tested;7835357.0;5533379.0;2301978.0;;489209.0;1457250;2930;53190;30530;28;761;642040
Indonesia;2021-03-22;37582.0;0.1384;7.2;people tested;7879881.0;5567280.0;2312601.0;;44524.0;1457250;2930;53190;30530;28;761;642040
Indonesia;2021-03-23;50125.0;0.1366;7.3;people tested;8226632.0;5732210.0;2494422.0;;346751.0;1457250;2930;53190;30530;28;761;642040
Indonesia;2021-03-24;49788.0;0.1353;7.4;people tested;8687796.0;5978251.0;2709545.0;;461164.0;1457250;2930;53190;30530;28;761;642040
Indonesia;2021-03-25;53162.0;0.1262;7.9;people tested;9330853.0;6389837.0;2941016.0;;643057.0;1457250;2930;53190;30530;28;761;642040
Indonesia;2021-03-26;51619.0;0.1198;8.4;people tested;10117812.0;6969201.0;3148611.0;;786959.0;1457250;2930;53190;30530;28;761;642040
Indonesia;2021-03-27;45881.0;0.1152;8.7;people tested;10412824.0;7179014.0;3233810.0;;295012.0;1457250;2930;53190;30530;28;761;642040
Indonesia;2021-03-28;30638.0;0.1126;8.9;people tested;10489657.0;7243202.0;3246455.0;;76833.0;1457250;2930;53190;30530;28;761;642040
Indonesia;2021-03-29;39042.0;0.1098;9.1;people tested;10707915.0;7394421.0;3313494.0;;218258.0;1457250;2930;53190;30530;28;761;642040
Indonesia;2021-03-30;48287.0;0.1085;9.2;people tested;11229846.0;7729582.0;3500264.0;;521931.0;1457250;2930;53190;30530;28;761;642040
Indonesia;2021-03-31;45714.0;0.1122;8.9;people tested;11805314.0;8095717.0;3709597.0;;575468.0;1457250;2930;53190;30530;28;761;642040
Indonesia;2021-04-01;54766.0;0.1117;9.0;people tested;12200266.0;8349475.0;3850791.0;;394952.0;1457250;2930;53190;30530;28;761;642040
Indonesia;2021-04-02;41406.0;0.1166;8.6;people tested;12286155.0;8418589.0;3867566.0;;85889.0;1457250;2930;53190;30530;28;761;642040
Indonesia;2021-04-03;36045.0;0.12;8.3;people tested;12485291.0;8533422.0;3951869.0;;199136.0;1457250;2930;53190;30530;28;761;642040
Indonesia;2021-04-04;33881.0;0.1276;7.8;people tested;12643583.0;8629182.0;4014401.0;;158292.0;1457250;2930;53190;30530;28;761;642040
Indonesia;2021-04-05;38347.0;0.1236;8.1;people tested;13046407.0;8838081.0;4208326.0;;402824.0;1457250;2930;53190;30530;28;761;642040
Indonesia;2021-04-06;49759.0;0.1225;8.2;people tested;13353717.0;8975366.0;4378351.0;;307310.0;1457250;2930;53190;30530;28;761;642040
Indonesia;2021-04-07;53457.0;0.1159;8.6;people tested;13735337.0;9187757.0;4547580.0;;381620.0;1457250;2930;53190;30530;28;761;642040
Indonesia;2021-04-08;54253.0;0.114;8.8;people tested;13975000.0;9309809.0;4665191.0;;239663.0;1457250;2930;53190;30530;28;761;642040
Indonesia;2021-04-09;48180.0;0.1114;9.0;people tested;14727509.0;9784278.0;4943231.0;;752509.0;1457250;2930;53190;30530;28;761;642040
Indonesia;2021-04-10;43707.0;0.1099;9.1;people tested;15005957.0;9955433.0;5050524.0;;278448.0;1457250;2930;53190;30530;28;761;642040
Indonesia;2021-04-11;30918.0;0.1028;9.7;people tested;15145565.0;10045575.0;5099990.0;;139608.0;1457250;2930;53190;30530;28;761;642040
Indonesia;2021-04-12;34434.0;0.1076;9.3;people tested;15572530.0;10261791.0;5310739.0;;426965.0;1457250;2930;53190;30530;28;761;642040
Indonesia;2021-04-13;50641.0;0.1109;9.0;people tested;15805960.0;10373963.0;5431997.0;;233430.0;1457250;2930;53190;30530;28;761;642040
Indonesia;2021-04-14;44286.0;0.1169;8.6;people tested;16046363.0;10477506.0;5568857.0;;240403.0;1457250;2930;53190;30530;28;761;642040
Indonesia;2021-04-15;48728.0;0.1212;8.2;people tested;16309777.0;10596373.0;5713404.0;;263414.0;1457250;2930;53190;30530;28;761;642040
Indonesia;2021-04-16;50098.0;0.1208;8.3;people tested;16526130.0;10706184.0;5819946.0;;216353.0;1457250;2930;53190;30530;28;761;642040
Indonesia;2021-04-17;44955.0;0.1213;8.2;people tested;16690960.0;10801244.0;5889716.0;;164830.0;1457250;2930;53190;30530;28;761;642040
Indonesia;2021-04-18;31280.0;0.1227;8.1;people tested;16739340.0;10828419.0;5910921.0;;48380.0;1457250;2930;53190;30530;28;761;642040
Indonesia;2021-04-19;37267.0;0.122;8.2;people tested;17017666.0;10966934.0;6050732.0;;278326.0;1457250;2930;53190;30530;28;761;642040
Indonesia;2021-04-20;48107.0;0.1225;8.2;people tested;17233178.0;11101291.0;6131887.0;;215512.0;1457250;2930;53190;30530;28;761;642040
Indonesia;2021-04-21;47048.0;0.1216;8.2;people tested;17591216.0;11269213.0;6322003.0;;358038.0;1457250;2930;53190;30530;28;761;642040
Indonesia;2021-04-22;55681.0;0.1191;8.4;people tested;17920908.0;11432711.0;6488197.0;;329692.0;1457250;2930;53190;30530;28;761;642040
Indonesia;2021-04-23;41559.0;0.1227;8.2;people tested;18265027.0;11587879.0;6677148.0;;344119.0;1457250;2930;53190;30530;28;761;642040
Indonesia;2021-04-24;42263.0;0.1221;8.2;people tested;18484179.0;11699585.0;6784594.0;;219152.0;1457250;2930;53190;30530;28;761;642040
Indonesia;2021-04-25;32525.0;0.121;8.3;people tested;18556227.0;11733923.0;6822304.0;;72048.0;1457250;2930;53190;30530;28;761;642040
Indonesia;2021-04-26;36867.0;0.1244;8.0;people tested;18842883.0;11844579.0;6998304.0;;286656.0;1457250;2930;53190;30530;28;761;642040
Indonesia;2021-04-27;51895.0;0.12;8.3;people tested;19159802.0;11981034.0;7178768.0;;316919.0;1457250;2930;53190;30530;28;761;642040
Indonesia;2021-04-28;41057.0;0.1208;8.3;people tested;19487346.0;12112888.0;7374458.0;;327544.0;1457250;2930;53190;30530;28;761;642040
Indonesia;2021-04-29;55483.0;0.1195;8.4;people tested;19847136.0;12280765.0;7566371.0;;359790.0;1457250;2930;53190;30530;28;761;642040
Indonesia;2021-04-30;51664.0;0.1159;8.6;people tested;20015745.0;12385886.0;7629859.0;;168609.0;1457250;2930;53190;30530;28;761;642040
Indonesia;2021-05-01;41722.0;0.116;8.6;people tested;20110846.0;12443263.0;7667583.0;;95101.0;1457250;2930;53190;30530;28;761;642040
Indonesia;2021-05-02;32389.0;0.116;8.6;people tested;20135649.0;12457164.0;7678485.0;;24803.0;1457250;2930;53190;30530;28;761;642040
Indonesia;2021-05-03;35713.0;0.1125;8.9;people tested;20372568.0;12545372.0;7827196.0;;236919.0;1457250;2930;53190;30530;28;761;642040
Indonesia;2021-05-04;51536.0;0.1117;9.0;people tested;20653919.0;12672864.0;7981055.0;;281351.0;1457250;2930;53190;30530;28;761;642040
Indonesia;2021-05-05;51176.0;0.1083;9.2;people tested;20984828.0;12832886.0;8151942.0;;330909.0;1457250;2930;53190;30530;28;761;642040
Indonesia;2021-05-06;50122.0;0.1096;9.1;people tested;21313654.0;12995710.0;8317944.0;;328826.0;1457250;2930;53190;30530;28;761;642040
Indonesia;2021-05-07;46635.0;0.114;8.8;people tested;21592945.0;13136686.0;8456259.0;;279291.0;1457250;2930;53190;30530;28;761;642040
Indonesia;2021-05-08;44705.0;0.1181;8.5;people tested;21868276.0;13284422.0;8583854.0;;275331.0;1457250;2930;53190;30530;28;761;642040
Indonesia;2021-05-09;30249.0;0.1174;8.5;people tested;21975503.0;13340957.0;8634546.0;;107227.0;1457250;2930;53190;30530;28;761;642040
Indonesia;2021-05-10;31963.0;0.1194;8.4;people tested;22230343.0;13475087.0;8755256.0;;254840.0;1457250;2930;53190;30530;28;761;642040
Indonesia;2021-05-11;45090.0;0.1241;8.1;people tested;22485737.0;13615313.0;8870424.0;;255394.0;1457250;2930;53190;30530;28;761;642040
Indonesia;2021-05-12;38640.0;0.1272;7.9;people tested;22586588.0;13678323.0;8908265.0;;100851.0;1457250;2930;53190;30530;28;761;642040
Indonesia;2021-05-13;21713.0;0.1326;7.5;people tested;22615110.0;13695553.0;8919557.0;;28522.0;1457250;2930;53190;30530;28;761;642040
Indonesia;2021-05-14;15945.0;0.1343;7.4;people tested;22620824.0;13699393.0;8921431.0;;5714.0;1457250;2930;53190;30530;28;761;642040
Indonesia;2021-05-15;22519.0;0.1305;7.7;people tested;22675927.0;13721627.0;8954300.0;;55103.0;1457250;2930;53190;30530;28;761;642040
Indonesia;2021-05-16;27640.0;0.1281;7.8;people tested;22708311.0;13737596.0;8970715.0;;32384.0;1457250;2930;53190;30530;28;761;642040
Indonesia;2021-05-17;36988.0;0.1221;8.2;people tested;22870037.0;13803055.0;9066982.0;;161726.0;1457250;2930;53190;30530;28;761;642040
Indonesia;2021-05-18;43504.0;0.119;8.4;people tested;23199575.0;13951975.0;9247600.0;;329538.0;1457250;2930;53190;30530;28;761;642040
Indonesia;2021-05-19;53158.0;0.1124;8.9;people tested;23466389.0;14099754.0;9366635.0;;266814.0;1457250;2930;53190;30530;28;761;642040
Indonesia;2021-05-20;55741.0;0.1066;9.4;people tested;23905335.0;14369233.0;9536102.0;;438946.0;1457250;2930;53190;30530;28;761;642040
Indonesia;2021-05-21;71775.0;0.0975;10.3;people tested;24317577.0;14606331.0;9711246.0;;412242.0;1457250;2930;53190;30530;28;761;642040
Indonesia;2021-05-22;41765.0;0.1006;9.9;people tested;24641165.0;14815666.0;9825499.0;;323588.0;1457250;2930;53190;30530;28;761;642040
Indonesia;2021-05-23;53679.0;0.0995;10.1;people tested;24762597.0;14890933.0;9871664.0;;121432.0;1457250;2930;53190;30530;28;761;642040
Indonesia;2021-05-24;54406.0;0.0991;10.1;people tested;24816571.0;14919589.0;9896982.0;;53974.0;1457250;2930;53190;30530;28;761;642040
Indonesia;2021-05-25;61861.0;0.0967;10.3;people tested;25455786.0;15330306.0;10125480.0;;639215.0;1457250;2930;53190;30530;28;761;642040
Indonesia;2021-05-26;56318.0;0.0964;10.4;people tested;25760831.0;15535998.0;10224833.0;;305045.0;1457250;2930;53190;30530;28;761;642040
Indonesia;2021-05-27;62386.0;0.096;10.4;people tested;26063579.0;15703583.0;10359996.0;;302748.0;1457250;2930;53190;30530;28;761;642040
Indonesia;2021-05-28;73092.0;0.096;10.4;people tested;26487346.0;16000947.0;10486399.0;;423767.0;1457250;2930;53190;30530;28;761;642040
Indonesia;2021-05-29;71834.0;0.0922;10.8;people tested;26758625.0;16203829.0;10554796.0;;271279.0;1457250;2930;53190;30530;28;761;642040
Indonesia;2021-05-30;52132.0;0.0945;10.6;people tested;26889189.0;16304700.0;10584489.0;;130564.0;1457250;2930;53190;30530;28;761;642040
Indonesia;2021-05-31;53491.0;0.0941;10.6;people tested;27045507.0;16413672.0;10631835.0;;156318.0;1457250;2930;53190;30530;28;761;642040
Indonesia;2021-06-01;51600.0;0.0959;10.4;people tested;27308881.0;16594581.0;10714300.0;;263374.0;1457250;2930;53190;30530;28;761;642040
Indonesia;2021-06-02;49731.0;0.0979;10.2;people tested;27619247.0;16766263.0;10852984.0;;310366.0;1457250;2930;53190;30530;28;761;642040
Indonesia;2021-06-03;58367.0;0.0966;10.4;people tested;28027750.0;17042850.0;10984900.0;;408503.0;1457250;2930;53190;30530;28;761;642040
Indonesia;2021-06-04;65207.0;0.1;10.0;people tested;28347058.0;17291504.0;11055554.0;;319308.0;1457250;2930;53190;30530;28;761;642040
Indonesia;2021-06-05;56772.0;0.104;9.6;people tested;28702933.0;17581464.0;11121469.0;;355875.0;1457250;2930;53190;30530;28;761;642040
Indonesia;2021-06-06;49240.0;0.104;9.6;people tested;28770360.0;17643603.0;11126757.0;;67427.0;1457250;2930;53190;30530;28;761;642040
Indonesia;2021-06-07;51495.0;0.1081;9.3;people tested;28972987.0;17775918.0;11197069.0;;202627.0;1457250;2930;53190;30530;28;761;642040
Indonesia;2021-06-08;69184.0;0.107;9.3;people tested;29616507.0;18260482.0;11356025.0;;643520.0;1457250;2930;53190;30530;28;761;642040
Indonesia;2021-06-09;70533.0;0.1076;9.3;people tested;30155028.0;18718769.0;11436259.0;;538521.0;1457250;2930;53190;30530;28;761;642040
Indonesia;2021-06-10;69037.0;0.1131;8.8;people tested;30700350.0;19211433.0;11488917.0;;545322.0;1457250;2930;53190;30530;28;761;642040
Indonesia;2021-06-11;74144.0;0.1145;8.7;people tested;31195606.0;19669968.0;11525638.0;;495256.0;1457250;2930;53190;30530;28;761;642040
Indonesia;2021-06-12;63164.0;0.1148;8.7;people tested;31603325.0;20044187.0;11559138.0;;407719.0;1457250;2930;53190;30530;28;761;642040
Indonesia;2021-06-13;48350.0;0.1241;8.1;people tested;31727380.0;20158937.0;11568443.0;;124055.0;1457250;2930;53190;30530;28;761;642040
Indonesia;2021-06-14;52713.0;0.1264;7.9;people tested;32039910.0;20424048.0;11615862.0;;312530.0;1457250;2930;53190;30530;28;761;642040
Indonesia;2021-06-15;59153.0;0.1336;7.5;people tested;32603744.0;20904723.0;11699021.0;;563834.0;1457250;2930;53190;30530;28;761;642040
Indonesia;2021-06-16;42072.0;0.1483;6.7;people tested;33264392.0;21448774.0;11815618.0;;660648.0;1457250;2930;53190;30530;28;761;642040
Indonesia;2021-06-17;79322.0;0.1536;6.5;people tested;33962386.0;21999256.0;11963130.0;;697994.0;1457250;2930;53190;30530;28;761;642040
Indonesia;2021-06-18;73805.0;0.1654;6.0;people tested;34551233.0;22455167.0;12096066.0;;588847.0;1457250;2930;53190;30530;28;761;642040
Indonesia;2021-06-19;75605.0;0.1733;5.8;people tested;35086248.0;22873342.0;12212906.0;;535015.0;1457250;2930;53190;30530;28;761;642040
Indonesia;2021-06-20;60229.0;0.1774;5.6;people tested;35283078.0;23043372.0;12239706.0;;196830.0;1457250;2930;53190;30530;28;761;642040
Indonesia;2021-06-21;62361.0;0.1876;5.3;people tested;35586159.0;23265773.0;12320386.0;;303081.0;1457250;2930;53190;30530;28;761;642040
Indonesia;2021-06-22;70742.0;0.1948;5.1;people tested;36304801.0;23789884.0;12514917.0;;718642.0;1457250;2930;53190;30530;28;761;642040
Indonesia;2021-06-23;74391.0;0.1929;5.2;people tested;36998897.0;24358856.0;12640041.0;;694096.0;1457250;2930;53190;30530;28;761;642040
Indonesia;2021-06-24;90503.0;0.2043;4.9;people tested;37699231.0;24929442.0;12769789.0;;700334.0;1457250;2930;53190;30530;28;761;642040
Indonesia;2021-06-25;95451.0;0.2071;4.8;people tested;38394659.0;25482036.0;12912623.0;;695428.0;1457250;2930;53190;30530;28;761;642040
Indonesia;2021-06-26;98274.0;0.2134;4.7;people tested;39050655.0;26032131.0;13018524.0;;655996.0;1457250;2930;53190;30530;28;761;642040
Indonesia;2021-06-27;79533.0;0.2195;4.6;people tested;40224794.0;27115763.0;13109031.0;;1174139.0;1457250;2930;53190;30530;28;761;642040
Indonesia;2021-06-28;80308.0;0.2233;4.5;people tested;40601932.0;27419898.0;13182034.0;;377138.0;1457250;2930;53190;30530;28;761;642040
Indonesia;2021-06-29;103265.0;0.2225;4.5;people tested;41634512.0;28304774.0;13329738.0;;1032580.0;1457250;2930;53190;30530;28;761;642040
Indonesia;2021-06-30;100313.0;0.2237;4.5;people tested;42744641.0;29279142.0;13465499.0;;1110129.0;1457250;2930;53190;30530;28;761;642040
Indonesia;2021-07-01;98572.0;0.2274;4.4;people tested;43808549.0;30184392.0;13624157.0;;1063908.0;1457250;2930;53190;30530;28;761;642040
Indonesia;2021-07-02;102765.0;0.2354;4.2;people tested;44661928.0;30891821.0;13770107.0;;853379.0;1457250;2930;53190;30530;28;761;642040
Indonesia;2021-07-03;110983.0;0.2411;4.1;people tested;45495972.0;31573240.0;13922732.0;;834044.0;1457250;2930;53190;30530;28;761;642040
Indonesia;2021-07-04;86292.0;0.2473;4.0;people tested;46043309.0;32063745.0;13979564.0;;547337.0;1457250;2930;53190;30530;28;761;642040
Indonesia;2021-07-05;92398.0;0.256;3.9;people tested;46338202.0;32302268.0;14035934.0;;294893.0;1457250;2930;53190;30530;28;761;642040
Indonesia;2021-07-06;136765.0;0.259;3.9;people tested;47444009.0;33176029.0;14267980.0;;1105807.0;1457250;2930;53190;30530;28;761;642040
Indonesia;2021-07-07;141957.0;0.2613;3.8;people tested;48483610.0;34039797.0;14443813.0;;1039601.0;1457250;2930;53190;30530;28;761;642040
Indonesia;2021-07-08;135936.0;0.266;3.8;people tested;49483188.0;34860686.0;14622502.0;;999578.0;1457250;2930;53190;30530;28;761;642040
Indonesia;2021-07-09;142005.0;0.2682;3.7;people tested;50644144.0;35775567.0;14868577.0;;1160956.0;1457250;2930;53190;30530;28;761;642040
Indonesia;2021-07-10;145294.0;0.2659;3.8;people tested;51162406.0;36193076.0;14969330.0;;518262.0;1457250;2930;53190;30530;28;761;642040
Indonesia;2021-07-11;128055.0;0.2636;3.8;people tested;51278367.0;36267019.0;15011348.0;;115961.0;1457250;2930;53190;30530;28;761;642040
Indonesia;2021-07-12;123317.0;0.2662;3.8;people tested;51404659.0;36368191.0;15036468.0;;126292.0;1457250;2930;53190;30530;28;761;642040
Indonesia;2021-07-13;159354.0;0.2772;3.6;people tested;52105605.0;36914607.0;15190998.0;;700946.0;1457250;2930;53190;30530;28;761;642040
Indonesia;2021-07-14;172859.0;0.2887;3.5;people tested;54520987.0;38909433.0;15611554.0;;2415382.0;1457250;2930;53190;30530;28;761;642040
Indonesia;2021-07-15;185321.0;0.2926;3.4;people tested;55438248.0;39628149.0;15810099.0;;917261.0;1457250;2930;53190;30530;28;761;642040
Indonesia;2021-07-16;179216.0;0.2971;3.4;people tested;56169540.0;40228811.0;15940729.0;;731292.0;1457250;2930;53190;30530;28;761;642040
Indonesia;2021-07-17;188551.0;0.3007;3.3;people tested;57486482.0;41268627.0;16217855.0;;1316942.0;1457250;2930;53190;30530;28;761;642040
Indonesia;2021-07-18;138175.0;0.3054;3.3;people tested;57947614.0;41673464.0;16274150.0;;461132.0;1457250;2930;53190;30530;28;761;642040
Indonesia;2021-07-19;127461.0;0.299;3.3;people tested;58495882.0;42095531.0;16400351.0;;548268.0;1457250;2930;53190;30530;28;761;642040
Indonesia;2021-07-20;114674.0;0.3024;3.3;people tested;58795963.0;42344675.0;16451288.0;;300081.0;1457250;2930;53190;30530;28;761;642040
Indonesia;2021-07-21;116232.0;0.2989;3.3;people tested;59218277.0;42611602.0;16606675.0;;422314.0;1457250;2930;53190;30530;28;761;642040
Indonesia;2021-07-22;228702.0;0.2805;3.6;people tested;60051995.0;43155795.0;16896200.0;;833718.0;1457250;2930;53190;30530;28;761;642040
Indonesia;2021-07-23;202385.0;0.2702;3.7;people tested;60871399.0;43717254.0;17154145.0;;819404.0;1457250;2930;53190;30530;28;761;642040
Indonesia;2021-07-24;179953.0;0.2664;3.8;people tested;61583922.0;44107926.0;17475996.0;;712523.0;1457250;2930;53190;30530;28;761;642040
Indonesia;2021-07-25;124139.0;0.2643;3.8;people tested;62376478.0;44469974.0;17906504.0;;792556.0;1457250;2930;53190;30530;28;761;642040
Indonesia;2021-07-26;121266.0;0.2603;3.8;people tested;62858198.0;44728320.0;18129878.0;;481720.0;1457250;2930;53190;30530;28;761;642040
Indonesia;2021-07-27;180202.0;0.2514;4.0;people tested;63944892.0;45278549.0;18666343.0;;1086694.0;1457250;2930;53190;30530;28;761;642040
Indonesia;2021-07-28;185181.0;0.2487;4.0;people tested;64838074.0;45734912.0;19103162.0;;893182.0;1457250;2930;53190;30530;28;761;642040
Indonesia;2021-07-29;173464.0;0.2553;3.9;people tested;65959164.0;46289942.0;19669222.0;;1121090.0;1457250;2930;53190;30530;28;761;642040
Indonesia;2021-07-30;164999.0;0.2568;3.9;people tested;66952414.0;46805993.0;20146421.0;;993250.0;1457250;2930;53190;30530;28;761;642040
Indonesia;2021-07-31;150222.0;0.2563;3.9;people tested;67761337.0;47226514.0;20534823.0;;808923.0;1457250;2930;53190;30530;28;761;642040
Indonesia;2021-08-01;112661.0;0.2517;4.0;people tested;68151247.0;47478168.0;20673079.0;;389910.0;1457250;2930;53190;30530;28;761;642040
Indonesia;2021-08-02;106785.0;0.2497;4.0;people tested;68620908.0;47686483.0;20934425.0;;469661.0;1457250;2930;53190;30530;28;761;642040
Indonesia;2021-08-03;151712.0;0.2457;4.1;people tested;69543116.0;48106208.0;21436908.0;;922208.0;1457250;2930;53190;30530;28;761;642040
Indonesia;2021-08-04;148812.0;0.2427;4.1;people tested;70450631.0;48485265.0;21965366.0;;907515.0;1457250;2930;53190;30530;28;761;642040
Indonesia;2021-08-05;153917.0;0.2397;4.2;people tested;71044502.0;48834123.0;22210379.0;;593871.0;1457250;2930;53190;30530;28;761;642040
Indonesia;2021-08-06;148980.0;0.242;4.1;people tested;72282882.0;49391058.0;22891824.0;;1238380.0;1457250;2930;53190;30530;28;761;642040
Indonesia;2021-08-07;144055.0;0.2378;4.2;people tested;73147087.0;49801823.0;23345264.0;;864205.0;1457250;2930;53190;30530;28;761;642040
Indonesia;2021-08-08;102565.0;0.2358;4.2;people tested;74275263.0;50497940.0;23777323.0;;1128176.0;1457250;2930;53190;30530;28;761;642040
Indonesia;2021-08-09;99387.0;0.2359;4.2;people tested;74842339.0;50630315.0;24212024.0;;567076.0;1457250;2930;53190;30530;28;761;642040
Indonesia;2021-08-10;146150.0;0.2353;4.2;people tested;76093131.0;51195551.0;24897580.0;;1250792.0;1457250;2930;53190;30530;28;761;642040
Indonesia;2021-08-11;135459.0;0.2331;4.3;people tested;77145224.0;51705924.0;25439300.0;;1052093.0;1457250;2930;53190;30530;28;761;642040
Indonesia;2021-08-12;136252.0;0.2255;4.4;people tested;77639416.0;51894566.0;25744850.0;;494192.0;1457250;2930;53190;30530;28;761;642040
Indonesia;2021-08-13;146481.0;0.2165;4.6;people tested;80441273.0;53212350.0;27228923.0;;2801857.0;1457250;2930;53190;30530;28;761;642040
Indonesia;2021-08-14;126416.0;0.2172;4.6;people tested;81412426.0;53618870.0;27793556.0;;971153.0;1457250;2930;53190;30530;28;761;642040
Indonesia;2021-08-15;89768.0;0.214;4.7;people tested;81800407.0;53688122.0;28112285.0;;387981.0;1457250;2930;53190;30530;28;761;642040
Indonesia;2021-08-16;78377.0;0.2154;4.6;people tested;82907666.0;54382680.0;28524986.0;;1107259.0;1457250;2930;53190;30530;28;761;642040
Indonesia;2021-08-17;101426.0;0.2133;4.7;people tested;84141599.0;54982550.0;29159049.0;;1233933.0;1457250;2930;53190;30530;28;761;642040
Indonesia;2021-08-18;78626.0;0.2097;4.8;people tested;84595839.0;55192494.0;29403345.0;;454240.0;1457250;2930;53190;30530;28;761;642040
Indonesia;2021-08-19;115108.0;0.2121;4.7;people tested;86414456.0;56045931.0;30368525.0;;1818617.0;1457250;2930;53190;30530;28;761;642040
Indonesia;2021-08-20;113847.0;0.2066;4.8;people tested;87257192.0;56504055.0;30753137.0;;842736.0;1457250;2930;53190;30530;28;761;642040
Indonesia;2021-08-21;116306.0;0.1925;5.2;people tested;88197072.0;56986150.0;31210922.0;;939880.0;1457250;2930;53190;30530;28;761;642040
Indonesia;2021-08-22;85216.0;0.1816;5.5;people tested;88941175.0;57339307.0;31601868.0;;744103.0;1457250;2930;53190;30530;28;761;642040
Indonesia;2021-08-23;74324.0;0.1713;5.8;people tested;89825940.0;57779716.0;32046224.0;;884765.0;1457250;2930;53190;30530;28;761;642040
Indonesia;2021-08-24;123844.0;0.1636;6.1;people tested;91109808.0;58468810.0;32640998.0;;1283868.0;1457250;2930;53190;30530;28;761;642040
Indonesia;2021-08-25;146788.0;0.1529;6.5;people tested;92105838.0;59011333.0;33094505.0;;996030.0;1457250;2930;53190;30530;28;761;642040
Indonesia;2021-08-26;128623.0;0.1438;7.0;people tested;92784183.0;59426934.0;33357249.0;;678345.0;1457250;2930;53190;30530;28;761;642040
Indonesia;2021-08-27;107521.0;0.1355;7.4;people tested;94556758.0;60435555.0;34121203.0;;1772575.0;1457250;2930;53190;30530;28;761;642040
Indonesia;2021-08-28;104314.0;0.1289;7.8;people tested;95925079.0;61222258.0;34702821.0;;1368321.0;1457250;2930;53190;30530;28;761;642040
Indonesia;2021-08-29;92531.0;0.1213;8.2;people tested;96512676.0;61654676.0;34858000.0;;587597.0;1457250;2930;53190;30530;28;761;642040
Indonesia;2021-08-30;78055.0;0.1154;8.7;people tested;97609356.0;62294896.0;35314460.0;;1096680.0;1457250;2930;53190;30530;28;761;642040
Indonesia;2021-08-31;130524.0;0.1036;9.7;people tested;98966499.0;63111288.0;35855211.0;;1357143.0;1457250;2930;53190;30530;28;761;642040
Indonesia;2021-09-01;134079.0;0.0945;10.6;people tested;100288175.0;63944955.0;36343220.0;;1321676.0;1457250;2930;53190;30530;28;761;642040
Indonesia;2021-09-02;128853.0;0.0727;13.8;people tested;101602002.0;64742601.0;36859401.0;;1313827.0;1457250;2930;53190;30530;28;761;642040
Indonesia;2021-09-03;128343.0;0.076;13.2;people tested;103542706.0;65894673.0;37648033.0;;1940704.0;1457250;2930;53190;30530;28;761;642040
Indonesia;2021-09-04;128302.0;0.0697;14.3;people tested;104384321.0;66353669.0;38030652.0;;841615.0;1457250;2930;53190;30530;28;761;642040
Indonesia;2021-09-05;104944.0;0.0662;15.1;people tested;105005826.0;66782673.0;38223153.0;;621505.0;1457250;2930;53190;30530;28;761;642040
Indonesia;2021-09-06;96507.0;0.0636;15.7;people tested;105627444.0;67155353.0;38472091.0;;621618.0;1457250;2930;53190;30530;28;761;642040
Indonesia;2021-09-07;310931.0;0.0493;20.3;people tested;107374568.0;68208588.0;39165980.0;;1747124.0;1457250;2930;53190;30530;28;761;642040
Indonesia;2021-09-08;145660.0;0.0453;22.1;people tested;108916110.0;69194539.0;39721571.0;;1541542.0;1457250;2930;53190;30530;28;761;642040
Indonesia;2021-09-09;148458.0;0.0501;20.0;people tested;110685380.0;70322560.0;40362820.0;;1769270.0;1457250;2930;53190;30530;28;761;642040
Indonesia;2021-09-10;149780.0;0.0386;25.9;people tested;112043252.0;71175259.0;40867993.0;;1357872.0;1457250;2930;53190;30530;28;761;642040
Indonesia;2021-09-11;143135.0;0.0365;27.4;people tested;113783060.0;72248720.0;41534340.0;;1739808.0;1457250;2930;53190;30530;28;761;642040
Indonesia;2021-09-12;124016.0;0.0344;29.1;people tested;114500929.0;72766195.0;41734734.0;;717869.0;1457250;2930;53190;30530;28;761;642040
Indonesia;2021-09-13;120529.0;0.0321;31.2;people tested;115415402.0;73310563.0;42104839.0;;914473.0;1457250;2930;53190;30530;28;761;642040
Indonesia;2021-09-14;185722.0;0.033;30.3;people tested;116822846.0;74257515.0;42565331.0;;1407444.0;1457250;2930;53190;30530;28;761;642040
Indonesia;2021-09-15;153493.0;0.03;33.3;people tested;118103364.0;75140724.0;42962640.0;;1280518.0;1457250;2930;53190;30530;28;761;642040
Indonesia;2021-09-16;54766.0;0.03;33.3;people tested;119638458.0;76153487.0;43484971.0;;1535094.0;1457250;2930;53190;30530;28;761;642040
Indonesia;2021-09-17;293454.0;0.0246;40.7;people tested;121542203.0;77417488.0;44124715.0;;1903745.0;1457250;2930;53190;30530;28;761;642040
Indonesia;2021-09-18;201138.0;0.0219;45.7;people tested;123257089.0;78540519.0;44716570.0;;1714886.0;1457250;2930;53190;30530;28;761;642040
Indonesia;2021-09-19;133765.0;0.0203;49.2;people tested;124649550.0;79515356.0;45134194.0;;1392461.0;1457250;2930;53190;30530;28;761;642040
Indonesia;2021-09-20;150714.0;0.0193;51.9;people tested;124882412.0;79657762.0;45224650.0;;232862.0;1457250;2930;53190;30530;28;761;642040
Indonesia;2021-09-21;176440.0;0.0187;53.5;people tested;126261777.0;80408744.0;45853033.0;;1379365.0;1457250;2930;53190;30530;28;761;642040
Indonesia;2021-09-22;185396.0;0.0172;58.3;people tested;128609965.0;82113788.0;46496177.0;;2348188.0;1457250;2930;53190;30530;28;761;642040
Indonesia;2021-09-23;173914.0;0.0154;64.9;people tested;130228475.0;83248128.0;46980347.0;;1618510.0;1457250;2930;53190;30530;28;761;642040
Indonesia;2021-09-24;172973.0;0.0159;63.0;people tested;132572040.0;84863899.0;47708141.0;;2343565.0;1457250;2930;53190;30530;28;761;642040
Indonesia;2021-09-25;181861.0;0.0151;66.3;people tested;133429623.0;85433518.0;47996105.0;;857583.0;1457250;2930;53190;30530;28;761;642040
Indonesia;2021-09-26;148743.0;0.0145;69.0;people tested;134987333.0;86460685.0;48526648.0;;1557710.0;1457250;2930;53190;30530;28;761;642040
Indonesia;2021-09-27;;0.0147;68.0;people tested;136078002.0;87162526.0;48915476.0;;1090669.0;1457250;2930;53190;30530;28;761;642040
Indonesia;2021-09-28;;0.0147;68.1;people tested;138186855.0;88531137.0;49655718.0;;2108853.0;1457250;2930;53190;30530;28;761;642040
Indonesia;2021-09-29;197310.0;0.0138;72.5;people tested;140235980.0;89822987.0;50412993.0;;2049125.0;1457250;2930;53190;30530;28;761;642040
Indonesia;2021-09-30;193809.0;0.0124;80.3;people tested;142192361.0;91079001.0;51113360.0;;1956381.0;1457250;2930;53190;30530;28;761;642040
Indonesia;2021-10-01;171146.0;0.0116;86.1;people tested;143911698.0;92161001.0;51750697.0;;1719337.0;1457250;2930;53190;30530;28;761;642040
Indonesia;2021-10-02;159999.0;0.0112;89.5;people tested;145383060.0;93066494.0;52316566.0;;1471362.0;1457250;2930;53190;30530;28;761;642040
Indonesia;2021-10-03;160640.0;0.0105;95.5;people tested;146456498.0;93780446.0;52676052.0;;1073438.0;1457250;2930;53190;30530;28;761;642040
Indonesia;2021-10-04;146708.0;0.0096;104.3;people tested;147230613.0;94223690.0;53006923.0;;774115.0;1457250;2930;53190;30530;28;761;642040
Indonesia;2021-10-05;176723.0;0.0084;118.9;people tested;148596138.0;94939217.0;53656921.0;;1365525.0;1457250;2930;53190;30530;28;761;642040
Indonesia;2021-10-06;190230.0;0.0081;123.9;people tested;150223752.0;95781773.0;54441979.0;;1627614.0;1457250;2930;53190;30530;28;761;642040
Indonesia;2021-10-07;181122.0;0.0079;126.5;people tested;151451699.0;96492154.0;54959545.0;;1227947.0;1457250;2930;53190;30530;28;761;642040
Indonesia;2021-10-08;181510.0;0.0076;130.9;people tested;154252314.0;98146308.0;56106006.0;;2800615.0;1457250;2930;53190;30530;28;761;642040
Indonesia;2021-10-09;182910.0;0.0073;137.1;people tested;156281958.0;99373294.0;56908664.0;;2029644.0;1457250;2930;53190;30530;28;761;642040
Indonesia;2021-10-10;144670.0;0.0072;139.2;people tested;157468784.0;100059481.0;57409303.0;;1186826.0;1457250;2930;53190;30530;28;761;642040
Indonesia;2021-10-11;151970.0;0.0069;144.9;people tested;157929575.0;100322375.0;57607200.0;;460791.0;1457250;2930;53190;30530;28;761;642040
Indonesia;2021-10-12;190403.0;0.0067;149.1;people tested;159768474.0;101362894.0;58405580.0;;1838899.0;1457250;2930;53190;30530;28;761;642040
Indonesia;2021-10-13;181176.0;0.0066;152.6;people tested;162097315.0;102685817.0;59411498.0;;2328841.0;1457250;2930;53190;30530;28;761;642040
Indonesia;2021-10-14;165707.0;0.0064;157.4;people tested;164730775.0;104308702.0;60422073.0;;2633460.0;1457250;2930;53190;30530;28;761;642040
Indonesia;2021-10-15;180420.0;0.006;167.6;people tested;166861741.0;105464686.0;61397055.0;;2130966.0;1457250;2930;53190;30530;28;761;642040
Indonesia;2021-10-16;180230.0;0.0058;171.3;people tested;168836886.0;106669970.0;62166916.0;;1975145.0;1457250;2930;53190;30530;28;761;642040
Indonesia;2021-10-17;146960.0;0.0057;175.3;people tested;170235796.0;107503228.0;62732568.0;;1398910.0;1457250;2930;53190;30530;28;761;642040
Indonesia;2021-10-18;145729.0;0.0057;174.3;people tested;171169816.0;107981016.0;63188800.0;;934020.0;1457250;2930;53190;30530;28;761;642040
Indonesia;2021-10-19;175456.0;0.0055;181.6;people tested;173014525.0;109005627.0;64008898.0;;1844709.0;1457250;2930;53190;30530;28;761;642040
Indonesia;2021-10-20;156346.0;0.0053;187.0;people tested;174419558.0;109796866.0;64622692.0;;1405033.0;1457250;2930;53190;30530;28;761;642040
Indonesia;2021-10-21;148492.0;0.0051;197.7;people tested;175579925.0;110406777.0;65173148.0;;1160367.0;1457250;2930;53190;30530;28;761;642040
Indonesia;2021-10-22;165247.0;0.005;200.4;people tested;177812708.0;111496041.0;66316667.0;;2232783.0;1457250;2930;53190;30530;28;761;642040
Indonesia;2021-10-23;161864.0;0.0049;204.3;people tested;179437660.0;112271928.0;67165732.0;;1624952.0;1457250;2930;53190;30530;28;761;642040
Indonesia;2021-10-24;134282.0;0.0048;206.7;people tested;180948208.0;113032768.0;67915440.0;;1510548.0;1457250;2930;53190;30530;28;761;642040
Indonesia;2021-10-25;137617.0;0.0047;211.8;people tested;181688388.0;113424379.0;68264009.0;;740180.0;1457250;2930;53190;30530;28;761;642040
Indonesia;2021-10-26;178077.0;0.0044;225.3;people tested;183477223.0;114347101.0;69130122.0;;1788835.0;1457250;2930;53190;30530;28;761;642040
Indonesia;2021-10-27;183819.0;0.0042;240.8;people tested;185616142.0;115502524.0;70113618.0;;2138919.0;1457250;2930;53190;30530;28;761;642040
Indonesia;2021-10-28;164229.0;0.0042;239.5;people tested;187720150.0;116620281.0;71099869.0;;2104008.0;1457250;2930;53190;30530;28;761;642040
Indonesia;2021-10-29;160741.0;0.0041;242.5;people tested;189750191.0;117689114.0;72061077.0;;2030041.0;1457250;2930;53190;30530;28;761;642040
Indonesia;2021-10-30;156340.0;0.004;251.2;people tested;192442506.0;119151818.0;73290688.0;;2692315.0;1457250;2930;53190;30530;28;761;642040
Indonesia;2021-10-31;126954.0;0.0039;255.3;people tested;193361231.0;119662248.0;73698983.0;;918725.0;1457250;2930;53190;30530;28;761;642040
Indonesia;2021-11-01;137373.0;0.0039;258.6;people tested;194141514.0;120052587.0;74088927.0;;780283.0;1457250;2930;53190;30530;28;761;642040
Indonesia;2021-11-02;175424.0;0.0039;258.0;people tested;195693514.0;120887847.0;74805667.0;;1552000.0;1457250;2930;53190;30530;28;761;642040
Indonesia;2021-11-03;167671.0;0.004;249.4;people tested;197804943.0;121975753.0;75829190.0;;2111429.0;1457250;2930;53190;30530;28;761;642040
Indonesia;2021-11-04;184207.0;0.0039;259.7;people tested;199539846.0;122852096.0;76687750.0;;1734903.0;1457250;2930;53190;30530;28;761;642040
Indonesia;2021-11-05;149392.0;0.0037;267.3;people tested;201512037.0;123824199.0;77687838.0;;1972191.0;1457250;2930;53190;30530;28;761;642040
Indonesia;2021-11-06;176845.0;0.0035;287.7;people tested;202270239.0;124156167.0;78114072.0;;758202.0;1457250;2930;53190;30530;28;761;642040
Indonesia;2021-11-07;148161.0;0.0033;299.2;people tested;204100126.0;125105963.0;78994163.0;;1829887.0;1457250;2930;53190;30530;28;761;642040
Indonesia;2021-11-08;130191.0;0.0032;310.3;people tested;204606962.0;125394487.0;79212475.0;;506836.0;1457250;2930;53190;30530;28;761;642040
Indonesia;2021-11-09;173067.0;0.0031;325.5;people tested;206529810.0;126459285.0;80070525.0;;1922848.0;1457250;2930;53190;30530;28;761;642040
Indonesia;2021-11-10;192562.0;0.0027;366.6;people tested;208289405.0;127335266.0;80954139.0;;1759595.0;1457250;2930;53190;30530;28;761;642040
Indonesia;2021-11-11;176934.0;0.0026;388.1;people tested;209858444.0;128147345.0;81711099.0;;1569039.0;1457250;2930;53190;30530;28;761;642040
Indonesia;2021-11-12;155233.0;0.0025;406.4;people tested;211907880.0;129089388.0;82818492.0;;2049436.0;1457250;2930;53190;30530;28;761;642040
Indonesia;2021-11-13;184695.0;0.0024;415.3;people tested;213128276.0;129710190.0;83418086.0;;1220396.0;1457250;2930;53190;30530;28;761;642040
Indonesia;2021-11-14;155301.0;0.0023;434.2;people tested;214445104.0;130283345.0;84161759.0;;1316828.0;1457250;2930;53190;30530;28;761;642040
Indonesia;2021-11-15;167949.0;0.0022;452.1;people tested;215168960.0;130616514.0;84552446.0;;723856.0;1457250;2930;53190;30530;28;761;642040
Indonesia;2021-11-16;195581.0;0.0021;476.1;people tested;216663555.0;131292871.0;85370684.0;;1494595.0;1457250;2930;53190;30530;28;761;642040
Indonesia;2021-11-17;193830.0;0.0021;468.9;people tested;218286093.0;132006377.0;86279716.0;;1622538.0;1457250;2930;53190;30530;28;761;642040
Indonesia;2021-11-18;188928.0;0.0021;479.9;people tested;218409909.0;132073986.0;86335923.0;;123816.0;1457250;2930;53190;30530;28;761;642040
Indonesia;2021-11-19;183797.0;0.002;498.5;people tested;221362168.0;133402051.0;87960117.0;;2952259.0;1457250;2930;53190;30530;28;761;642040
Indonesia;2021-11-20;186231.0;0.002;492.5;people tested;222785206.0;134025009.0;88760197.0;;1423038.0;1457250;2930;53190;30530;28;761;642040
Indonesia;2021-11-21;153816.0;0.002;496.7;people tested;223638627.0;134418286.0;89220341.0;;853421.0;1457250;2930;53190;30530;28;761;642040
Indonesia;2021-11-22;166685.0;0.002;503.1;people tested;224041006.0;134614136.0;89426870.0;;402379.0;1457250;2930;53190;30530;28;761;642040
Indonesia;2021-11-23;193920.0;0.002;493.3;people tested;225644845.0;135417063.0;90227782.0;;1603839.0;1457250;2930;53190;30530;28;761;642040
Indonesia;2021-11-24;200412.0;0.002;509.9;people tested;227295834.0;136080848.0;91214986.0;;1650989.0;1457250;2930;53190;30530;28;761;642040
Indonesia;2021-11-25;199759.0;0.0019;520.1;people tested;228987709.0;136713147.0;92274562.0;;1691875.0;1457250;2930;53190;30530;28;761;642040
Indonesia;2021-11-26;187293.0;0.002;502.6;people tested;230610233.0;137505204.0;93105029.0;;1622524.0;1457250;2930;53190;30530;28;761;642040
Indonesia;2021-11-27;192919.0;0.002;503.0;people tested;231786452.0;138119613.0;93666839.0;;1176219.0;1457250;2930;53190;30530;28;761;642040
Indonesia;2021-11-28;155396.0;0.0019;513.6;people tested;232869968.0;138530231.0;94339737.0;;1083516.0;1457250;2930;53190;30530;28;761;642040
Indonesia;2021-11-29;176381.0;0.0019;519.5;people tested;233664522.0;138908862.0;94755660.0;;794554.0;1457250;2930;53190;30530;28;761;642040
Indonesia;2021-11-30;200899.0;0.0018;543.3;people tested;234839306.0;139365438.0;95473868.0;;1174784.0;1457250;2930;53190;30530;28;761;642040
Indonesia;2021-12-01;199375.0;0.0017;584.7;people tested;236724392.0;140205046.0;96519346.0;;1885086.0;1457250;2930;53190;30530;28;761;642040
Indonesia;2021-12-02;199658.0;0.0017;601.0;people tested;238203878.0;140885229.0;97318649.0;;1479486.0;1457250;2930;53190;30530;28;761;642040
Indonesia;2021-12-03;194099.0;0.0015;667.7;people tested;239549926.0;141503092.0;98046834.0;;1346048.0;1457250;2930;53190;30530;28;761;642040
Indonesia;2021-12-04;196386.0;0.0014;727.7;people tested;240654588.0;142030970.0;98623618.0;;1104662.0;1457250;2930;53190;30530;28;761;642040
Indonesia;2021-12-05;158609.0;0.0013;757.8;people tested;241441928.0;142432347.0;99009581.0;;787340.0;1457250;2930;53190;30530;28;761;642040
Indonesia;2021-12-06;200460.0;0.0013;792.4;people tested;241926512.0;142700940.0;99225572.0;;484584.0;1457250;2930;53190;30530;28;761;642040
Indonesia;2021-12-07;281032.0;0.0012;857.6;people tested;243116796.0;143291352.0;99825444.0;;1190284.0;1457250;2930;53190;30530;28;761;642040
Indonesia;2021-12-08;282985.0;0.0011;915.4;people tested;244253314.0;143794042.0;100459272.0;;1136518.0;1457250;2930;53190;30530;28;761;642040
Indonesia;2021-12-09;267119.0;0.001;1012.0;people tested;245595833.0;144446324.0;101149509.0;;1342519.0;1457250;2930;53190;30530;28;761;642040
Indonesia;2021-12-10;228725.0;0.0009;1070.5;people tested;246880508.0;145085912.0;101794596.0;;1284675.0;1457250;2930;53190;30530;28;761;642040
Indonesia;2021-12-11;205447.0;0.0009;1089.5;people tested;248355276.0;145910019.0;102445257.0;;1474768.0;1457250;2930;53190;30530;28;761;642040
Indonesia;2021-12-12;168447.0;0.0009;1120.9;people tested;249399820.0;146489638.0;102910182.0;;1044544.0;1457250;2930;53190;30530;28;761;642040
Indonesia;2021-12-13;177759.0;0.0009;1123.8;people tested;249974816.0;146875959.0;103098857.0;;574996.0;1457250;2930;53190;30530;28;761;642040
Indonesia;2021-12-14;203892.0;0.0009;1125.7;people tested;251106714.0;147468396.0;103638318.0;;1131898.0;1457250;2930;53190;30530;28;761;642040
Indonesia;2021-12-15;213858.0;0.0009;1123.7;people tested;252866371.0;148344215.0;104522156.0;;1759657.0;1457250;2930;53190;30530;28;761;642040
Indonesia;2021-12-16;211111.0;0.0009;1086.5;people tested;254443692.0;149205571.0;105238121.0;;1577321.0;1457250;2930;53190;30530;28;761;642040
Indonesia;2021-12-17;214267.0;0.001;999.1;people tested;256270038.0;150249500.0;106020538.0;;1826346.0;1457250;2930;53190;30530;28;761;642040
Indonesia;2021-12-18;216405.0;0.001;1004.1;people tested;257882469.0;151246296.0;106636173.0;;1612431.0;1457250;2930;53190;30530;28;761;642040
Indonesia;2021-12-19;121461.0;0.001;969.8;people tested;258469441.0;151417878.0;107051563.0;;586972.0;1457250;2930;53190;30530;28;761;642040
Indonesia;2021-12-20;142020.0;0.0011;926.5;people tested;258955775.0;151775597.0;107180178.0;;486334.0;1457250;2930;53190;30530;28;761;642040
Indonesia;2021-12-21;222546.0;0.0011;922.7;people tested;260302530.0;152596517.0;107706013.0;;1346755.0;1457250;2930;53190;30530;28;761;642040
Indonesia;2021-12-22;215395.0;0.0011;940.6;people tested;262043740.0;153503685.0;108540055.0;;1741210.0;1457250;2930;53190;30530;28;761;642040
Indonesia;2021-12-23;207437.0;0.001;991.5;people tested;263751186.0;154494115.0;109257071.0;;1707446.0;1457250;2930;53190;30530;28;761;642040
Indonesia;2021-12-24;184552.0;0.001;1036.3;people tested;265370276.0;155414524.0;109955752.0;;1619090.0;1457250;2930;53190;30530;28;761;642040
Indonesia;2021-12-25;149285.0;0.001;965.6;people tested;266589872.0;156182585.0;110407287.0;;1219596.0;1457250;2930;53190;30530;28;761;642040
Indonesia;2021-12-26;119792.0;0.0009;1105.1;people tested;267262585.0;156641778.0;110620807.0;;672713.0;1457250;2930;53190;30530;28;761;642040
Indonesia;2021-12-27;164005.0;0.001;1050.8;people tested;267807642.0;156994786.0;110812856.0;;545057.0;1457250;2930;53190;30530;28;761;642040
Indonesia;2021-12-28;176854.0;0.001;963.1;people tested;269370107.0;157804805.0;111565302.0;;1562465.0;1457250;2930;53190;30530;28;761;642040
Indonesia;2021-12-29;163611.0;0.0011;911.3;people tested;271240030.0;158962242.0;112277788.0;;1869923.0;1457250;2930;53190;30530;28;761;642040
Indonesia;2021-12-30;163035.0;0.0012;841.7;people tested;273016811.0;160012443.0;113004368.0;;1776781.0;1457250;2930;53190;30530;28;761;642040
Indonesia;2021-12-31;149670.0;0.0012;830.5;people tested;274749184.0;161082857.0;113666327.0;;1732373.0;1457250;2930;53190;30530;28;761;642040
Indonesia;2022-01-01;128197.0;0.0012;802.7;people tested;;161861222.0;114030438.0;;;1457250;2930;53190;30530;28;761;642040
Indonesia;2022-01-02;141810.0;0.0014;724.3;people tested;;165900887.0;114103362.0;;;1457250;2930;53190;30530;28;761;642040
Indonesia;2022-01-03;209567.0;0.0014;728.9;people tested;;166104331.0;114196339.0;;;1457250;2930;53190;30530;28;761;642040
Indonesia;2022-01-04;232746.0;0.0013;754.7;people tested;;166653867.0;114565936.0;;;1457250;2930;53190;30530;28;761;642040
Indonesia;2022-01-05;217304.0;0.0014;696.0;people tested;;167226243.0;114822604.0;;;1457250;2930;53190;30530;28;761;642040
Indonesia;2022-01-06;208788.0;0.0017;605.0;people tested;;167999777.0;115554584.0;;;1457250;2930;53190;30530;28;761;642040
Indonesia;2022-01-07;198487.0;0.0018;541.9;people tested;;168819593.0;116114884.0;;;1457250;2930;53190;30530;28;761;642040
Indonesia;2022-01-08;177701.0;0.0019;518.9;people tested;;169580225.0;116569908.0;;;1457250;2930;53190;30530;28;761;642040
Indonesia;2022-01-09;177213.0;0.0021;469.7;people tested;;170143626.0;116819952.0;;;1457250;2930;53190;30530;28;761;642040
Indonesia;2022-01-10;181426.0;0.0023;433.4;people tested;;170536338.0;116999284.0;;;1457250;2930;53190;30530;28;761;642040
Indonesia;2022-01-11;203706.0;0.0027;366.9;people tested;;171056204.0;117333660.0;;;1457250;2930;53190;30530;28;761;642040
Indonesia;2022-01-12;198636.0;0.0029;339.8;people tested;;172155594.0;117947474.0;;;1457250;2930;53190;30530;28;761;642040
Indonesia;2022-01-13;195527.0;0.0032;315.7;people tested;;173248256.0;118488929.0;;;1457250;2930;53190;30530;28;761;642040
Indonesia;2022-01-14;198375.0;0.0034;292.7;people tested;;174291585.0;118952014.0;;;1457250;2930;53190;30530;28;761;642040
Indonesia;2022-01-15;196420.0;0.0038;263.5;people tested;;175645471.0;119424581.0;;;1457250;2930;53190;30530;28;761;642040
Indonesia;2022-01-16;166505.0;0.0041;245.8;people tested;;176301989.0;119746532.0;;;1457250;2930;53190;30530;28;761;642040
Indonesia;2022-01-17;178283.0;0.0043;231.7;people tested;;176629941.0;119992852.0;;;1457250;2930;53190;30530;28;761;642040
Indonesia;2022-01-18;194308.0;0.0048;209.7;people tested;;177259377.0;120621088.0;;;1457250;2930;53190;30530;28;761;642040
Indonesia;2022-01-19;152016.0;0.0058;172.4;people tested;;178261136.0;121566591.0;;;1457250;2930;53190;30530;28;761;642040
Indonesia;2022-01-20;183531.0;0.0069;145.0;people tested;;179153744.0;122378266.0;;;1457250;2930;53190;30530;28;761;642040
Indonesia;2022-01-21;200180.0;0.0083;121.0;people tested;;180021654.0;123167273.0;;;1457250;2930;53190;30530;28;761;642040
Indonesia;2022-01-22;194500.0;0.01;100.3;people tested;;180714550.0;123782386.0;;;1457250;2930;53190;30530;28;761;642040
Indonesia;2022-01-23;163826.0;0.0116;86.0;people tested;;181131333.0;124080794.0;;;1457250;2930;53190;30530;28;761;642040
Indonesia;2022-01-24;175763.0;0.0134;74.9;people tested;;181377519.0;124334472.0;;;1457250;2930;53190;30530;28;761;642040
Indonesia;2022-01-25;176407.0;0.0164;61.1;people tested;;182024020.0;125106842.0;;;1457250;2930;53190;30530;28;761;642040
Indonesia;2022-01-26;244413.0;0.0192;52.2;people tested;;182500827.0;125673513.0;;;1457250;2930;53190;30530;28;761;642040
Indonesia;2022-01-27;236651.0;0.0227;44.0;people tested;;183060035.0;126413464.0;;;1457250;2930;53190;30530;28;761;642040
Indonesia;2022-01-28;258145.0;0.0269;37.2;people tested;;183677032.0;127164526.0;;;1457250;2930;53190;30530;28;761;642040
Indonesia;2022-01-29;261050.0;0.0312;32.0;people tested;;184187038.0;127727473.0;;;1457250;2930;53190;30530;28;761;642040
Indonesia;2022-01-30;205803.0;0.0365;27.4;people tested;;184557715.0;128005763.0;;;1457250;2930;53190;30530;28;761;642040
Indonesia;2022-01-31;202393.0;0.0404;24.7;people tested;;184680997.0;128028074.0;;;1457250;2930;53190;30530;28;761;642040
Indonesia;2022-02-01;235905.0;0.0457;21.9;people tested;;185121652.0;128655689.0;;;1457250;2930;53190;30530;28;761;642040
Indonesia;2022-02-02;226958.0;0.0529;18.9;people tested;;185237546.0;128737666.0;;;1457250;2930;53190;30530;28;761;642040
Indonesia;2022-02-03;307987.0;0.062;16.1;people tested;;185622566.0;129405527.0;;;1457250;2930;53190;30530;28;761;642040
Indonesia;2022-02-04;312977.0;0.0727;13.7;people tested;;186019239.0;130122520.0;;;1457250;2930;53190;30530;28;761;642040
Indonesia;2022-02-05;306242.0;0.0832;12.0;people tested;;186388071.0;130784199.0;;;1457250;2930;53190;30530;28;761;642040
Indonesia;2022-02-06;265559.0;0.0933;10.7;people tested;323371246.0;186589750.0;131080731.0;5548431.0;;1457250;2930;53190;30530;28;761;642040
Indonesia;2022-02-07;180967.0;0.103;9.7;people tested;325015898.0;186703390.0;131119425.0;5878217.0;1644652.0;1457250;2930;53190;30530;28;761;642040
Indonesia;2022-02-08;284638.0;0.1118;8.9;people tested;325992890.0;187047562.0;132090119.0;6034892.0;976992.0;1457250;2930;53190;30530;28;761;642040
Indonesia;2022-02-09;245825.0;0.1259;7.9;people tested;327792245.0;187290007.0;132667991.0;6391787.0;1799355.0;1457250;2930;53190;30530;28;761;642040
Indonesia;2022-02-10;238688.0;0.1379;7.3;people tested;328946156.0;187696710.0;133703748.0;6623413.0;1153911.0;1457250;2930;53190;30530;28;761;642040
Indonesia;2022-02-11;226502.0;0.1495;6.7;people tested;;187918754.0;134403989.0;;;1457250;2930;53190;30530;28;761;642040
Indonesia;2022-02-12;321145.0;0.1604;6.2;people tested;331098258.0;188060706.0;135209233.0;7048731.0;;1457250;2930;53190;30530;28;761;642040
Indonesia;2022-02-13;272493.0;0.1646;6.1;people tested;331211718.0;188282851.0;135766676.0;7059145.0;113460.0;1457250;2930;53190;30530;28;761;642040
Indonesia;2022-02-14;273914.0;0.1619;6.2;people tested;332515995.0;188338544.0;135814029.0;7277382.0;1304277.0;1457250;2930;53190;30530;28;761;642040
Indonesia;2022-02-15;358270.0;0.1659;6.0;people tested;333824000.0;188590685.0;136647928.0;7505145.0;1308005.0;1457250;2930;53190;30530;28;761;642040
Indonesia;2022-02-16;348080.0;0.1663;6.0;people tested;335078861.0;188833480.0;137485375.0;7730486.0;1254861.0;1457250;2930;53190;30530;28;761;642040
Indonesia;2022-02-17;344393.0;0.169;5.9;people tested;336459621.0;189067416.0;138280959.0;8011770.0;1380760.0;1457250;2930;53190;30530;28;761;642040
Indonesia;2022-02-18;307607.0;0.1714;5.8;people tested;337806448.0;189307384.0;139140467.0;8326622.0;1346827.0;1457250;2930;53190;30530;28;761;642040
Indonesia;2022-02-19;309155.0;0.1742;5.7;people tested;338404616.0;189533698.0;139946128.0;8456612.0;598168.0;1457250;2930;53190;30530;28;761;642040
Indonesia;2022-02-20;265769.0;0.1766;5.7;people tested;338608177.0;189646917.0;140301087.0;8493624.0;203561.0;1457250;2930;53190;30530;28;761;642040
Indonesia;2022-02-21;243226.0;0.1781;5.6;people tested;339640533.0;189694082.0;140420471.0;8712274.0;1032356.0;1457250;2930;53190;30530;28;761;642040
Indonesia;2022-02-22;326422.0;0.181;5.5;people tested;340874189.0;189885858.0;141042401.0;8974957.0;1233656.0;1457250;2930;53190;30530;28;761;642040
Indonesia;2022-02-23;309488.0;0.1827;5.5;people tested;342063844.0;190092902.0;141806330.0;9236089.0;1189655.0;1457250;2930;53190;30530;28;761;642040
Indonesia;2022-02-24;288027.0;0.1846;5.4;people tested;343353574.0;190310509.0;142517246.0;9542165.0;1289730.0;1457250;2930;53190;30530;28;761;642040
Indonesia;2022-02-25;275753.0;0.1824;5.5;people tested;344256469.0;190531114.0;143280295.0;9809490.0;902895.0;1457250;2930;53190;30530;28;761;642040
Indonesia;2022-02-26;293186.0;0.1775;5.6;people tested;344260964.0;190672288.0;143774691.0;9809784.0;4495.0;1457250;2930;53190;30530;28;761;642040
Indonesia;2022-02-27;194731.0;0.1771;5.6;people tested;344263603.0;190672557.0;143778623.0;9812596.0;2639.0;1457250;2930;53190;30530;28;761;642040
Indonesia;2022-02-28;137569.0;0.1822;5.5;people tested;345697245.0;190969599.0;144458756.0;10214605.0;1433642.0;1457250;2930;53190;30530;28;761;642040
Indonesia;2022-03-01;202005.0;0.1763;5.7;people tested;345700796.0;190976834.0;144505806.0;10216285.0;3551.0;1457250;2930;53190;30530;28;761;642040
Indonesia;2022-03-02;260074.0;0.1691;5.9;people tested;348638823.0;190977514.0;144506997.0;11324273.0;2938027.0;1457250;2930;53190;30530;28;761;642040
Indonesia;2022-03-03;213765.0;0.1642;6.1;people tested;349644040.0;191110409.0;146204141.0;11457714.0;1005217.0;1457250;2930;53190;30530;28;761;642040
Indonesia;2022-03-04;193981.0;0.1578;6.3;people tested;351058900.0;191631442.0;146554884.0;11942963.0;1414860.0;1457250;2930;53190;30530;28;761;642040
Indonesia;2022-03-05;216438.0;0.1547;6.5;people tested;352266904.0;191835428.0;147280509.0;12405103.0;1208004.0;1457250;2930;53190;30530;28;761;642040
Indonesia;2022-03-06;205542.0;0.1464;6.8;people tested;;192003490.0;147858311.0;;;1457250;2930;53190;30530;28;761;642040
Indonesia;2022-03-07;215396.0;0.1364;7.3;people tested;353698734.0;192068763.0;148021351.0;12847312.0;;1457250;2930;53190;30530;28;761;642040
Indonesia;2022-03-08;227256.0;0.1377;7.3;people tested;354566415.0;192263704.0;148587718.0;13163845.0;867681.0;1457250;2930;53190;30530;28;761;642040
Indonesia;2022-03-09;184324.0;0.1349;7.4;people tested;356256648.0;192412648.0;148989922.0;13686156.0;1690233.0;1457250;2930;53190;30530;28;761;642040
Indonesia;2022-03-10;137764.0;0.1308;7.6;people tested;357308080.0;192776961.0;149793531.0;14013132.0;1051432.0;1457250;2930;53190;30530;28;761;642040
Indonesia;2022-03-11;79781.0;0.1345;7.4;people tested;358354805.0;193014314.0;150280634.0;14351546.0;1046725.0;1457250;2930;53190;30530;28;761;642040
Indonesia;2022-03-12;99218.0;0.1349;7.4;people tested;359380001.0;193229478.0;150773781.0;14600781.0;1025196.0;1457250;2930;53190;30530;28;761;642040
Indonesia;2022-03-13;100178.0;0.1358;7.4;people tested;;193400494.0;151378726.0;;;1457250;2930;53190;30530;28;761;642040
Indonesia;2022-03-14;119807.0;0.1371;7.3;people tested;360250837.0;193474037.0;151486424.0;14770130.0;;1457250;2930;53190;30530;28;761;642040
Indonesia;2022-03-15;148036.0;0.1315;7.6;people tested;;193658864.0;151821843.0;;;1457250;2930;53190;30530;28;761;642040
Indonesia;2022-03-16;132159.0;0.1236;8.1;people tested;362340334.0;193903477.0;152405191.0;15474618.0;;1457250;2930;53190;30530;28;761;642040
Indonesia;2022-03-17;125003.0;0.1134;8.8;people tested;363890835.0;194136128.0;152729588.0;16005165.0;1550501.0;1457250;2930;53190;30530;28;761;642040
Indonesia;2022-03-18;115503.0;0.1007;9.9;people tested;;194437519.0;153448151.0;;;1457250;2930;53190;30530;28;761;642040
Indonesia;2022-03-19;99721.0;0.0924;10.8;people tested;364305498.0;194559612.0;153649398.0;16096488.0;;1457250;2930;53190;30530;28;761;642040
Indonesia;2022-03-20;77290.0;0.0881;11.4;people tested;364931091.0;194559612.0;154267349.0;16278674.0;625593.0;1457250;2930;53190;30530;28;761;642040
Indonesia;2022-03-21;103179.0;0.0837;11.9;people tested;365473877.0;194785493.0;154370080.0;16318304.0;542786.0;1457250;2930;53190;30530;28;761;642040
Indonesia;2022-03-22;;;;;368133995.0;194906900.0;155391750.0;17624402.0;2660118.0;1457250;2930;53190;30530;28;761;642040
Indonesia;2022-03-23;;;;;369859000.0;195229531.0;156139516.0;18155763.0;1725005.0;1457250;2930;53190;30530;28;761;642040
Indonesia;2022-03-24;;;;;370188943.0;195366825.0;156336412.0;18273009.0;329943.0;1457250;2930;53190;30530;28;761;642040
Indonesia;2022-03-25;;;;;;195533337.0;156636335.0;;;1457250;2930;53190;30530;28;761;642040
Indonesia;2022-03-26;;;;;;195719065.0;157569955.0;;;1457250;2930;53190;30530;28;761;642040
Indonesia;2022-03-27;;;;;;195889215.0;157840758.0;;;1457250;2930;53190;30530;28;761;642040
Indonesia;2022-03-28;;;;;375911010.0;195958039.0;157974507.0;21125889.0;;1457250;2930;53190;30530;28;761;642040
Indonesia;2022-03-29;;;;;377108938.0;196240871.0;158830466.0;21728296.0;1197928.0;1457250;2930;53190;30530;28;761;642040
Indonesia;2022-03-30;;;;;378074903.0;196354667.0;159025975.0;22215377.0;965965.0;1457250;2930;53190;30530;28;761;642040
Indonesia;2022-03-31;;;;;379419843.0;196534266.0;159325260.0;23014251.0;1344940.0;1457250;2930;53190;30530;28;761;642040
Indonesia;2022-04-01;;;;;;196719100.0;159686492.0;;;1457250;2930;53190;30530;28;761;642040
Indonesia;2022-04-02;;;;;;196850337.0;159950991.0;;;1457250;2930;53190;30530;28;761;642040
Indonesia;2022-04-03;;;;;;196872209.0;159988167.0;;;1457250;2930;53190;30530;28;761;642040
Indonesia;2022-04-04;;;;;381033706.0;196880116.0;160107111.0;24046339.0;;1457250;2930;53190;30530;28;761;642040
Indonesia;2022-04-05;;;;;383146112.0;196880155.0;160107212.0;25296816.0;2112406.0;1457250;2930;53190;30530;28;761;642040
Indonesia;2022-04-06;;;;;383759338.0;197107907.0;160741389.0;25606528.0;613226.0;1457250;2930;53190;30530;28;761;642040
Indonesia;2022-04-07;;;;;384378545.0;197216895.0;160935915.0;25945875.0;619207.0;1457250;2930;53190;30530;28;761;642040
Indonesia;2022-04-08;;;;;385170969.0;197313563.0;161119107.0;26433539.0;792424.0;1457250;2930;53190;30530;28;761;642040
Indonesia;2022-04-09;;;;;385925688.0;197404392.0;161333038.0;27008873.0;754719.0;1457250;2930;53190;30530;28;761;642040
Indonesia;2022-04-10;;;;;386366209.0;197493411.0;161423404.0;27291778.0;440521.0;1457250;2930;53190;30530;28;761;642040
Indonesia;2022-04-11;;;;;387382886.0;197540442.0;161533989.0;27960917.0;1016677.0;1457250;2930;53190;30530;28;761;642040
Indonesia;2022-04-12;;;;;388048499.0;197660336.0;161761633.0;28400442.0;665613.0;1457250;2930;53190;30530;28;761;642040
Indonesia;2022-04-13;;;;;389329305.0;197715552.0;161932505.0;29213567.0;1280806.0;1457250;2930;53190;30530;28;761;642040
Indonesia;2022-04-14;;;;;390071682.0;197910765.0;162204973.0;29687453.0;742377.0;1457250;2930;53190;30530;28;761;642040
Indonesia;2022-04-15;;;;;;198012119.0;162372110.0;;;1457250;2930;53190;30530;28;761;642040
Indonesia;2022-04-16;;;;;;198100009.0;162560631.0;;;1457250;2930;53190;30530;28;761;642040
Indonesia;2022-04-17;;;;;392476033.0;198191838.0;162750057.0;31348872.0;;1457250;2930;53190;30530;28;761;642040
Indonesia;2022-04-18;;;;;393248891.0;198248066.0;162879095.0;31860639.0;772858.0;1457250;2930;53190;30530;28;761;642040
Indonesia;2022-04-19;;;;;394736427.0;198351438.0;163036814.0;32780775.0;1487536.0;1457250;2930;53190;30530;28;761;642040
Indonesia;2022-04-20;;;;;;198478663.0;163180128.0;;;1457250;2930;53190;30530;28;761;642040
Indonesia;2022-04-21;;;;;396730099.0;198597005.0;163358647.0;34280741.0;;1457250;2930;53190;30530;28;761;642040
Indonesia;2022-04-22;;;;;;198739666.0;163709692.0;;;1457250;2930;53190;30530;28;761;642040
Indonesia;2022-04-23;;;;;397859834.0;198831114.0;163874842.0;35005482.0;;1457250;2930;53190;30530;28;761;642040
Indonesia;2022-04-24;;;;;398135514.0;198900322.0;163954030.0;35165470.0;275680.0;1457250;2930;53190;30530;28;761;642040
Indonesia;2022-04-25;;;;;398738106.0;198946361.0;164023683.0;35518317.0;602592.0;1457250;2930;53190;30530;28;761;642040
Indonesia;2022-04-26;;;;;399513940.0;199039633.0;164180156.0;36061373.0;775834.0;1457250;2930;53190;30530;28;761;642040
Indonesia;2022-04-27;;;;;401308016.0;199113714.0;164338853.0;37458813.0;1794076.0;1457250;2930;53190;30530;28;761;642040
Indonesia;2022-04-28;;;;;401308016.0;199191893.0;164657310.0;37458813.0;0.0;1457250;2930;53190;30530;28;761;642040
Indonesia;2022-04-29;;;;;401308016.0;199296158.0;165052289.0;37458813.0;0.0;1457250;2930;53190;30530;28;761;642040
Indonesia;2022-04-30;;;;;401308016.0;199346528.0;165134259.0;37458813.0;0.0;1457250;2930;53190;30530;28;761;642040
Indonesia;2022-05-01;;;;;401308016.0;199346528.0;165230060.0;37458813.0;0.0;1457250;2930;53190;30530;28;761;642040
Indonesia;2022-05-02;;;;;401308016.0;199346528.0;165376991.0;37458813.0;0.0;1457250;2930;53190;30530;28;761;642040
Indonesia;2022-05-03;;;;;401308016.0;199346528.0;165425255.0;37458813.0;0.0;1457250;2930;53190;30530;28;761;642040
Indonesia;2022-05-04;;;;;;;;;;1457250;2930;53190;30530;28;761;642040
Indonesia;2022-05-05;;;;;;199346528.0;165600933.0;;;1457250;2930;53190;30530;28;761;642040
Indonesia;2022-05-06;;;;;401308016.0;199346528.0;165613761.0;37458813.0;;1457250;2930;53190;30530;28;761;642040
Indonesia;2022-05-07;;;;;401308016.0;199346528.0;165632168.0;37458813.0;0.0;1457250;2930;53190;30530;28;761;642040
Indonesia;2022-05-08;;;;;401308016.0;199346528.0;165641991.0;37458813.0;0.0;1457250;2930;53190;30530;28;761;642040
Indonesia;2022-05-09;;;;;401308016.0;199346528.0;165656103.0;37458813.0;0.0;1457250;2930;53190;30530;28;761;642040
Indonesia;2022-05-10;;;;;;199352565.0;165707687.0;;;1457250;2930;53190;30530;28;761;642040
Indonesia;2022-05-11;;;;;;199395854.0;165839856.0;;;1457250;2930;53190;30530;28;761;642040
Indonesia;2022-05-12;;;;;401308016.0;199450667.0;165969135.0;37458813.0;;1457250;2930;53190;30530;28;761;642040
Indonesia;2022-05-13;;;;;401308016.0;199513545.0;166080531.0;37458813.0;0.0;1457250;2930;53190;30530;28;761;642040
Indonesia;2022-05-14;;;;;401308016.0;199556458.0;166160498.0;37458813.0;0.0;1457250;2930;53190;30530;28;761;642040
Indonesia;2022-05-15;;;;;401308016.0;199604493.0;166252348.0;37458813.0;0.0;1457250;2930;53190;30530;28;761;642040
Indonesia;2022-05-16;;;;;401308016.0;199625406.0;166273179.0;37458813.0;0.0;1457250;2930;53190;30530;28;761;642040
Indonesia;2022-05-17;;;;;401308016.0;199644471.0;166290758.0;37458813.0;0.0;1457250;2930;53190;30530;28;761;642040
Indonesia;2022-05-18;;;;;401308016.0;199715445.0;166406981.0;37458813.0;0.0;1457250;2930;53190;30530;28;761;642040
Indonesia;2022-05-19;;;;;401308016.0;199741802.0;166492274.0;37458813.0;0.0;1457250;2930;53190;30530;28;761;642040
Indonesia;2022-05-20;;;;;401308016.0;199798711.0;166632702.0;37458813.0;0.0;1457250;2930;53190;30530;28;761;642040
Indonesia;2022-05-21;;;;;401308016.0;199844276.0;166764720.0;37458813.0;0.0;1457250;2930;53190;30530;28;761;642040
Indonesia;2022-05-22;;;;;401308016.0;199883553.0;166837615.0;37458813.0;0.0;1457250;2930;53190;30530;28;761;642040
Indonesia;2022-05-23;;;;;401308016.0;199917330.0;166911457.0;37458813.0;0.0;1457250;2930;53190;30530;28;761;642040
Indonesia;2022-05-24;;;;;401308016.0;199955070.0;166971873.0;37458813.0;0.0;1457250;2930;53190;30530;28;761;642040
Indonesia;2022-05-25;;;;;401308016.0;200015745.0;167068380.0;37458813.0;0.0;1457250;2930;53190;30530;28;761;642040
Indonesia;2022-05-26;;;;;401308016.0;200084080.0;167156856.0;37458813.0;0.0;1457250;2930;53190;30530;28;761;642040
Indonesia;2022-05-27;;;;;401308016.0;200112862.0;167198137.0;37458813.0;0.0;1457250;2930;53190;30530;28;761;642040
Indonesia;2022-05-28;;;;;401308016.0;200163526.0;167264389.0;37458813.0;0.0;1457250;2930;53190;30530;28;761;642040
Indonesia;2022-05-29;;;;;401308016.0;200198188.0;167325130.0;37458813.0;0.0;1457250;2930;53190;30530;28;761;642040
Indonesia;2022-05-30;;;;;401308016.0;200202182.0;167330132.0;37458813.0;0.0;1457250;2930;53190;30530;28;761;642040
Indonesia;2022-05-31;;;;;401308016.0;200267408.0;167420810.0;37458813.0;0.0;1457250;2930;53190;30530;28;761;642040
Indonesia;2022-06-01;;;;;401308016.0;200327825.0;167507245.0;37458813.0;0.0;1457250;2930;53190;30530;28;761;642040
Indonesia;2022-06-02;;;;;;;;;;1457250;2930;53190;30530;28;761;642040
Indonesia;2022-06-03;;;;;401308016.0;200394788.0;167598405.0;37458813.0;;1457250;2930;53190;30530;28;761;642040
Indonesia;2022-06-04;;;;;;;;;;1457250;2930;53190;30530;28;761;642040
Indonesia;2022-06-05;;;;;;;;;;1457250;2930;53190;30530;28;761;642040
Indonesia;2022-06-06;;;;;;;;;;1457250;2930;53190;30530;28;761;642040
Indonesia;2022-06-07;;;;;415385585.0;200652038.0;167822664.0;46910883.0;;1457250;2930;53190;30530;28;761;642040
Indonesia;2022-06-08;;;;;;;;;;1457250;2930;53190;30530;28;761;642040
Indonesia;2022-06-09;;;;;;;;;;1457250;2930;53190;30530;28;761;642040
Indonesia;2022-06-10;;;;;;;;;;1457250;2930;53190;30530;28;761;642040
Indonesia;2022-06-11;;;;;;;;;;1457250;2930;53190;30530;28;761;642040
Indonesia;2022-06-12;;;;;;;;;;1457250;2930;53190;30530;28;761;642040
Indonesia;2022-06-13;;;;;;;;;;1457250;2930;53190;30530;28;761;642040
Indonesia;2022-06-14;;;;;;;;;;1457250;2930;53190;30530;28;761;642040
Indonesia;2022-06-15;;;;;417522347.0;201000560.0;168251795.0;48269992.0;;1457250;2930;53190;30530;28;761;642040
Indonesia;2022-06-16;;;;;;;;;;1457250;2930;53190;30530;28;761;642040
Indonesia;2022-06-17;;;;;;;;;;1457250;2930;53190;30530;28;761;642040
Indonesia;2022-06-18;;;;;;;;;;1457250;2930;53190;30530;28;761;642040
Indonesia;2022-06-19;;;;;;;;;;1457250;2930;53190;30530;28;761;642040
Indonesia;2022-06-20;;;;;;;;;;1457250;2930;53190;30530;28;761;642040
Indonesia;2022-06-21;;;;;418977695.0;201223231.0;168544951.0;49209513.0;;1457250;2930;53190;30530;28;761;642040
Indonesia;2022-06-22;;;;;;;;;;1457250;2930;53190;30530;28;761;642040
Indonesia;2022-06-23;;;;;;;;;;1457250;2930;53190;30530;28;761;642040
Indonesia;2022-06-24;;;;;;;;;;1457250;2930;53190;30530;28;761;642040
Indonesia;2022-06-25;;;;;;;;;;1457250;2930;53190;30530;28;761;642040
Indonesia;2022-06-26;;;;;;;;;;1457250;2930;53190;30530;28;761;642040
Indonesia;2022-06-27;;;;;;;;;;1457250;2930;53190;30530;28;761;642040
Indonesia;2022-06-28;;;;;;;;;;1457250;2930;53190;30530;28;761;642040
Indonesia;2022-06-29;;;;;;;;;;1457250;2930;53190;30530;28;761;642040
Indonesia;2022-06-30;;;;;;;;;;1457250;2930;53190;30530;28;761;642040
Indonesia;2022-07-01;;;;;;;;;;1457250;2930;53190;30530;28;761;642040
Indonesia;2022-07-02;;;;;;;;;;1457250;2930;53190;30530;28;761;642040
Indonesia;2022-07-03;;;;;;;;;;1457250;2930;53190;30530;28;761;642040
Indonesia;2022-07-04;;;;;;;;;;1457250;2930;53190;30530;28;761;642040
Indonesia;2022-07-05;;;;;;;;;;1457250;2930;53190;30530;28;761;642040
Indonesia;2022-07-06;;;;;;;;;;1457250;2930;53190;30530;28;761;642040
Indonesia;2022-07-07;;;;;;;;;;1457250;2930;53190;30530;28;761;642040
Indonesia;2022-07-08;;;;;;;;;;1457250;2930;53190;30530;28;761;642040
Indonesia;2022-07-09;;;;;;;;;;1457250;2930;53190;30530;28;761;642040
Indonesia;2022-07-10;;;;;;;;;;1457250;2930;53190;30530;28;761;642040
Indonesia;2022-07-11;;;;;;;;;;1457250;2930;53190;30530;28;761;642040
Indonesia;2022-07-12;;;;;423291029.0;201802967.0;169392315.0;52095747.0;;1457250;2930;53190;30530;28;761;642040
Indonesia;2022-07-13;;;;;;;;;;1457250;2930;53190;30530;28;761;642040
Indonesia;2022-07-14;;;;;;;;;;1457250;2930;53190;30530;28;761;642040
Indonesia;2022-07-15;;;;;;;;;;1457250;2930;53190;30530;28;761;642040
Indonesia;2022-07-16;;;;;;;;;;1457250;2930;53190;30530;28;761;642040
Indonesia;2022-07-17;;;;;;;;;;1457250;2930;53190;30530;28;761;642040
Indonesia;2022-07-18;;;;;;;;;;1457250;2930;53190;30530;28;761;642040
Indonesia;2022-07-19;;;;;425004686.0;202015743.0;169625747.0;53363196.0;;1457250;2930;53190;30530;28;761;642040
Indonesia;2022-07-20;;;;;;;;;;1457250;2930;53190;30530;28;761;642040
Indonesia;2022-07-21;;;;;;;;;;1457250;2930;53190;30530;28;761;642040
Indonesia;2022-07-22;;;;;;;;;;1457250;2930;53190;30530;28;761;642040
Indonesia;2022-07-23;;;;;;;;;;1457250;2930;53190;30530;28;761;642040
Indonesia;2022-07-24;;;;;;;;;;1457250;2930;53190;30530;28;761;642040
Indonesia;2022-07-25;;;;;;;;;;1457250;2930;53190;30530;28;761;642040
Indonesia;2022-07-26;;;;;427093056.0;202268728.0;169882385.0;54941943.0;;1457250;2930;53190;30530;28;761;642040
Indonesia;2022-07-27;;;;;;;;;;1457250;2930;53190;30530;28;761;642040
Indonesia;2022-07-28;;;;;;;;;;1457250;2930;53190;30530;28;761;642040
Indonesia;2022-07-29;;;;;;;;;;1457250;2930;53190;30530;28;761;642040
Indonesia;2022-07-30;;;;;;;;;;1457250;2930;53190;30530;28;761;642040
Indonesia;2022-07-31;;;;;;;;;;1457250;2930;53190;30530;28;761;642040
Indonesia;2022-08-01;;;;;;;;;;1457250;2930;53190;30530;28;761;642040
Indonesia;2022-08-02;;;;;429156238.0;202563389.0;170143379.0;56449470.0;;1457250;2930;53190;30530;28;761;642040
Indonesia;2022-08-03;;;;;;;;;;1457250;2930;53190;30530;28;761;642040
Indonesia;2022-08-04;;;;;;;;;;1457250;2930;53190;30530;28;761;642040
Indonesia;2022-08-05;;;;;;;;;;1457250;2930;53190;30530;28;761;642040
Indonesia;2022-08-06;;;;;;;;;;1457250;2930;53190;30530;28;761;642040
Indonesia;2022-08-07;;;;;;;;;;1457250;2930;53190;30530;28;761;642040
Indonesia;2022-08-08;;;;;;;;;;1457250;2930;53190;30530;28;761;642040
Indonesia;2022-08-09;;;;;430915083.0;202813315.0;170356449.0;57745319.0;;1457250;2930;53190;30530;28;761;642040
Indonesia;2022-08-10;;;;;;;;;;1457250;2930;53190;30530;28;761;642040
Indonesia;2022-08-11;;;;;;;;;;1457250;2930;53190;30530;28;761;642040
Indonesia;2022-08-12;;;;;;;;;;1457250;2930;53190;30530;28;761;642040
Indonesia;2022-08-13;;;;;;;;;;1457250;2930;53190;30530;28;761;642040
Indonesia;2022-08-14;;;;;;;;;;1457250;2930;53190;30530;28;761;642040
Indonesia;2022-08-15;;;;;;;;;;1457250;2930;53190;30530;28;761;642040
Indonesia;2022-08-16;;;;;;;;;;1457250;2930;53190;30530;28;761;642040
Indonesia;2022-08-17;;;;;432525181.0;203037880.0;170558244.0;58929057.0;;1457250;2930;53190;30530;28;761;642040
Indonesia;2022-08-18;;;;;;;;;;1457250;2930;53190;30530;28;761;642040
Indonesia;2022-08-19;;;;;;;;;;1457250;2930;53190;30530;28;761;642040
Indonesia;2022-08-20;;;;;;;;;;1457250;2930;53190;30530;28;761;642040
Indonesia;2022-08-21;;;;;;;;;;1457250;2930;53190;30530;28;761;642040
Indonesia;2022-08-22;;;;;;;;;;1457250;2930;53190;30530;28;761;642040
Indonesia;2022-08-23;;;;;;;;;;1457250;2930;53190;30530;28;761;642040
Indonesia;2022-08-24;;;;;;;;;;1457250;2930;53190;30530;28;761;642040
Indonesia;2022-08-25;;;;;;;;;;1457250;2930;53190;30530;28;761;642040
Indonesia;2022-08-26;;;;;;;;;;1457250;2930;53190;30530;28;761;642040
Indonesia;2022-08-27;;;;;;;;;;1457250;2930;53190;30530;28;761;642040
Indonesia;2022-08-28;;;;;435683139.0;203435374.0;171111977.0;61135788.0;;1457250;2930;53190;30530;28;761;642040
Indonesia;2022-08-29;;;;;;;;;;1457250;2930;53190;30530;28;761;642040
Indonesia;2022-08-30;;;;;;;;;;1457250;2930;53190;30530;28;761;642040
Indonesia;2022-08-31;;;;;;;;;;1457250;2930;53190;30530;28;761;642040
Indonesia;2022-09-01;;;;;;;;;;1457250;2930;53190;30530;28;761;642040
Indonesia;2022-09-02;;;;;;;;;;1457250;2930;53190;30530;28;761;642040
Indonesia;2022-09-03;;;;;;;;;;1457250;2930;53190;30530;28;761;642040
Indonesia;2022-09-04;;;;;;;;;;1457250;2930;53190;30530;28;761;642040
Indonesia;2022-09-05;;;;;;;;;;1457250;2930;53190;30530;28;761;642040
Indonesia;2022-09-06;;;;;;;;;;1457250;2930;53190;30530;28;761;642040
Indonesia;2022-09-07;;;;;;;;;;1457250;2930;53190;30530;28;761;642040
